id,time,latitude,longitude,depth,sea_water_temperature
,UTC,degrees_north,degrees_east,m,degree_C
118440672,2011-08-23T20:02:00Z,44.6278,-67.1154,-1.0,NaN
118440672,2011-08-23T23:02:00Z,44.6384,-67.0923,-1.0,NaN
118440672,2011-08-23T23:32:00Z,44.6446,-67.0847,-1.0,NaN
118440672,2011-08-24T00:01:00Z,44.6511,-67.0773,-1.0,NaN
118440672,2011-08-24T00:32:00Z,44.6575,-67.0704,-1.0,NaN
118440672,2011-08-24T01:02:00Z,44.6625,-67.0638,-1.0,NaN
118440672,2011-08-24T01:31:00Z,44.6658,-67.0585,-1.0,NaN
118440672,2011-08-24T02:16:00Z,44.6665,-67.0536,-1.0,NaN
118440672,2011-08-24T02:32:00Z,44.6655,-67.053,-1.0,NaN
118440672,2011-08-24T03:15:00Z,44.6622,-67.0539,-1.0,NaN
118440672,2011-08-24T03:46:00Z,44.6572,-67.0573,-1.0,NaN
118440672,2011-08-24T04:02:00Z,44.6506,-67.0633,-1.0,NaN
118440672,2011-08-24T04:31:00Z,44.6428,-67.0715,-1.0,NaN
118440672,2011-08-24T05:02:00Z,44.6341,-67.0809,-1.0,NaN
118440672,2011-08-24T05:45:00Z,44.6248,-67.0908,-1.0,NaN
118440672,2011-08-24T06:01:00Z,44.6155,-67.1007,-1.0,NaN
118440672,2011-08-24T06:32:00Z,44.6069,-67.1112,-1.0,NaN
118440672,2011-08-24T07:02:00Z,44.5995,-67.1219,-1.0,NaN
118440672,2011-08-24T08:09:00Z,44.5884,-67.1404,-1.0,NaN
118440672,2011-08-24T08:45:00Z,44.5855,-67.147,-1.0,NaN
118440672,2011-08-24T09:01:00Z,44.5842,-67.1513,-1.0,NaN
118440672,2011-08-24T09:32:00Z,44.585,-67.1532,-1.0,NaN
118440672,2011-08-24T10:15:00Z,44.5874,-67.1535,-1.0,NaN
118440672,2011-08-24T10:31:00Z,44.5915,-67.1521,-1.0,NaN
118440672,2011-08-24T11:09:00Z,44.5975,-67.1489,-1.0,NaN
118440672,2011-08-24T11:32:00Z,44.6045,-67.1444,-1.0,NaN
118440672,2011-08-24T12:08:00Z,44.6124,-67.139,-1.0,NaN
118440672,2011-08-24T12:32:00Z,44.6201,-67.1328,-1.0,NaN
118440672,2011-08-24T13:09:00Z,44.6279,-67.126,-1.0,NaN
118440672,2011-08-24T13:31:00Z,44.6347,-67.1193,-1.0,NaN
118440672,2011-08-24T14:02:00Z,44.6402,-67.1139,-1.0,NaN
118440672,2011-08-24T14:32:00Z,44.644,-67.1099,-1.0,NaN
118440672,2011-08-24T15:32:00Z,44.6457,-67.1067,-1.0,NaN
118440672,2011-08-24T16:02:00Z,44.6439,-67.109,-1.0,NaN
118440672,2011-08-24T17:09:00Z,44.6344,-67.1178,-1.0,NaN
118440672,2011-08-24T18:46:00Z,44.6134,-67.1425,-1.0,NaN
118440672,2011-08-24T19:09:00Z,44.6062,-67.1519,-1.0,NaN
118440672,2011-08-24T19:38:00Z,44.5995,-67.1606,-1.0,NaN
118440672,2011-08-24T20:02:00Z,44.5932,-67.1685,-1.0,NaN
118440672,2011-08-24T20:32:00Z,44.588,-67.1756,-1.0,NaN
118440672,2011-08-24T22:02:00Z,44.5833,-67.1879,-1.0,NaN
118440672,2011-08-24T22:45:00Z,44.5866,-67.1897,-1.0,NaN
118440672,2011-08-24T23:02:00Z,44.5916,-67.1877,-1.0,NaN
118440672,2011-08-24T23:32:00Z,44.5976,-67.1826,-1.0,NaN
118440672,2011-08-25T00:01:00Z,44.6032,-67.1717,-1.0,NaN
118440672,2011-08-25T00:39:00Z,44.6084,-67.1608,-1.0,NaN
118440672,2011-08-25T01:15:00Z,44.6136,-67.1504,-1.0,NaN
118440672,2011-08-25T02:32:00Z,44.6265,-67.126,-1.0,NaN
118440672,2011-08-25T04:09:00Z,44.6266,-67.1202,-1.0,NaN
118440672,2011-08-25T04:45:00Z,44.6233,-67.1239,-1.0,NaN
118440672,2011-08-25T05:16:00Z,44.6184,-67.13,-1.0,NaN
118440672,2011-08-25T06:08:00Z,44.6039,-67.1474,-1.0,NaN
118440672,2011-08-25T08:09:00Z,44.5722,-67.189,-1.0,NaN
118440672,2011-08-25T08:39:00Z,44.5657,-67.1988,-1.0,NaN
118440672,2011-08-25T09:39:00Z,44.5575,-67.2145,-1.0,NaN
118440672,2011-08-25T10:09:00Z,44.5563,-67.2213,-1.0,NaN
118440672,2011-08-25T11:02:00Z,44.5604,-67.2283,-1.0,NaN
118440672,2011-08-25T12:39:00Z,44.5791,-67.2164,-1.0,NaN
118440672,2011-08-25T13:45:00Z,44.5921,-67.1961,-1.0,NaN
118440672,2011-08-25T17:02:00Z,44.6137,-67.1652,-1.0,NaN
118440672,2011-08-25T21:01:00Z,44.5581,-67.2155,-1.0,NaN
118440672,2011-08-25T22:45:00Z,44.548,-67.2356,-1.0,NaN
118440672,2011-08-25T23:02:00Z,44.5513,-67.2392,-1.0,NaN
118440672,2011-08-26T00:03:00Z,44.5623,-67.2396,-1.0,NaN
118440672,2011-08-26T00:32:00Z,44.5694,-67.2327,-1.0,NaN
118440672,2011-08-26T03:46:00Z,44.6133,-67.1741,-1.0,NaN
118440672,2011-08-26T07:09:00Z,44.5958,-67.164,-1.0,NaN
118440672,2011-08-26T08:16:00Z,44.5765,-67.1797,-1.0,NaN
118440672,2011-08-26T13:09:00Z,44.5417,-67.2266,-1.0,NaN
118440672,2011-08-26T13:45:00Z,44.5521,-67.2184,-1.0,NaN
118440672,2011-08-26T16:31:00Z,44.5869,-67.146,-1.0,NaN
118440672,2011-08-26T18:01:00Z,44.5769,-67.1334,-1.0,NaN
118440672,2011-08-26T21:32:00Z,44.5046,-67.1798,-1.0,NaN
118440672,2011-08-26T22:02:00Z,44.4976,-67.1879,-1.0,NaN
118440672,2011-08-26T23:32:00Z,44.49,-67.2056,-1.0,NaN
118440672,2011-08-27T00:32:00Z,44.4987,-67.2072,-1.0,NaN
118440672,2011-08-27T02:16:00Z,44.5322,-67.1967,-1.0,NaN
118440672,2011-08-27T03:39:00Z,44.5663,-67.1504,-1.0,NaN
118440672,2011-08-27T04:02:00Z,44.5752,-67.1361,-1.0,NaN
118440672,2011-08-27T04:31:00Z,44.5822,-67.1236,-1.0,NaN
118440672,2011-08-27T05:09:00Z,44.5869,-67.1131,-1.0,NaN
118440672,2011-08-27T05:32:00Z,44.5862,-67.1049,-1.0,NaN
118440672,2011-08-27T06:15:00Z,44.5818,-67.1,-1.0,NaN
118440672,2011-08-27T06:32:00Z,44.5758,-67.0988,-1.0,NaN
118440672,2011-08-27T07:02:00Z,44.5682,-67.1007,-1.0,NaN
118440672,2011-08-27T07:45:00Z,44.5593,-67.1049,-1.0,NaN
118440672,2011-08-27T08:02:00Z,44.5485,-67.1121,-1.0,NaN
118440672,2011-08-27T09:32:00Z,44.5003,-67.1538,-1.0,NaN
118440672,2011-08-27T10:02:00Z,44.4906,-67.1668,-1.0,NaN
118440672,2011-08-27T10:31:00Z,44.483,-67.1758,-1.0,NaN
118440672,2011-08-27T11:02:00Z,44.4773,-67.1823,-1.0,NaN
118440672,2011-08-27T11:39:00Z,44.4731,-67.1863,-1.0,NaN
118440672,2011-08-27T12:08:00Z,44.4716,-67.1893,-1.0,NaN
118440672,2011-08-27T12:32:00Z,44.4722,-67.191,-1.0,NaN
118440672,2011-08-27T13:02:00Z,44.4758,-67.1909,-1.0,NaN
118440672,2011-08-27T13:38:00Z,44.4817,-67.189,-1.0,NaN
118440672,2011-08-27T14:02:00Z,44.4886,-67.1839,-1.0,NaN
118440672,2011-08-27T14:32:00Z,44.4977,-67.1767,-1.0,NaN
118440672,2011-08-27T16:09:00Z,44.534,-67.1607,-1.0,NaN
118440672,2011-08-27T16:45:00Z,44.5451,-67.1534,-1.0,NaN
118440672,2011-08-27T18:08:00Z,44.5559,-67.1413,-1.0,NaN
118440672,2011-08-27T19:02:00Z,44.5506,-67.1469,-1.0,NaN
118440672,2011-08-27T20:02:00Z,44.5382,-67.1646,-1.0,NaN
118440672,2011-08-27T21:15:00Z,44.5107,-67.1891,-1.0,NaN
118440672,2011-08-27T21:39:00Z,44.4982,-67.2011,-1.0,NaN
118440672,2011-08-27T22:09:00Z,44.4878,-67.2132,-1.0,NaN
118440672,2011-08-27T22:38:00Z,44.4795,-67.2257,-1.0,NaN
118440672,2011-08-27T23:32:00Z,44.4709,-67.2395,-1.0,NaN
118440672,2011-08-28T00:15:00Z,44.4691,-67.2426,-1.0,NaN
118440672,2011-08-28T01:02:00Z,44.4722,-67.2419,-1.0,NaN
118440672,2011-08-28T01:38:00Z,44.477,-67.2387,-1.0,NaN
118440672,2011-08-28T02:09:00Z,44.4832,-67.2339,-1.0,NaN
118440672,2011-08-28T02:32:00Z,44.494,-67.2269,-1.0,NaN
118440672,2011-08-28T03:01:00Z,44.508,-67.218,-1.0,NaN
118440672,2011-08-28T04:02:00Z,44.5368,-67.1966,-1.0,NaN
118440672,2011-08-28T04:45:00Z,44.5487,-67.1806,-1.0,NaN
118440672,2011-08-28T05:02:00Z,44.5589,-67.1657,-1.0,NaN
118440672,2011-08-28T05:45:00Z,44.567,-67.1534,-1.0,NaN
118440672,2011-08-28T06:15:00Z,44.5732,-67.1454,-1.0,NaN
118440672,2011-08-28T06:32:00Z,44.5767,-67.1415,-1.0,NaN
118440672,2011-08-28T07:02:00Z,44.5774,-67.1406,-1.0,NaN
118440672,2011-08-28T07:45:00Z,44.5754,-67.1422,-1.0,NaN
118440672,2011-08-28T08:16:00Z,44.5708,-67.1453,-1.0,NaN
118440672,2011-08-28T09:15:00Z,44.5565,-67.1611,-1.0,NaN
118440672,2011-08-28T09:39:00Z,44.5487,-67.1716,-1.0,NaN
118440672,2011-08-28T10:31:00Z,44.5312,-67.1995,-1.0,NaN
118440672,2011-08-28T11:32:00Z,44.5121,-67.2215,-1.0,NaN
118440672,2011-08-28T12:01:00Z,44.5066,-67.2326,-1.0,NaN
118440672,2011-08-28T12:32:00Z,44.5033,-67.2419,-1.0,NaN
118440672,2011-08-28T13:15:00Z,44.5032,-67.2494,-1.0,NaN
118440672,2011-08-28T14:02:00Z,44.5145,-67.2551,-1.0,NaN
118440672,2011-08-28T15:01:00Z,44.5352,-67.2442,-1.0,NaN
118440672,2011-08-28T15:32:00Z,44.5431,-67.2375,-1.0,NaN
118440672,2011-08-28T17:02:00Z,44.5748,-67.1974,-1.0,NaN
118440672,2011-08-29T06:32:00Z,44.6057,-67.1944,-1.0,NaN
118440672,2011-08-29T13:38:00Z,44.4991,-67.2981,-1.0,NaN
118440672,2011-08-29T14:39:00Z,44.5019,-67.2995,-1.0,NaN
118440672,2011-08-29T15:17:00Z,44.5082,-67.2964,-1.0,NaN
118440672,2011-08-29T18:33:00Z,44.5704,-67.1923,-1.0,NaN
118440672,2011-08-29T22:33:00Z,44.5216,-67.1774,-1.0,NaN
118440672,2011-08-29T23:39:00Z,44.4919,-67.199,-1.0,NaN
118440672,2011-08-30T00:46:00Z,44.4709,-67.2189,-1.0,NaN
118440672,2011-08-30T01:09:00Z,44.464,-67.2272,-1.0,NaN
118440672,2011-08-30T01:38:00Z,44.4597,-67.2334,-1.0,NaN
118440672,2011-08-30T02:32:00Z,44.4593,-67.2395,-1.0,NaN
118440672,2011-08-30T04:02:00Z,44.4713,-67.2314,-1.0,NaN
118440672,2011-08-30T05:09:00Z,44.4865,-67.2339,-1.0,NaN
118440672,2011-08-30T05:45:00Z,44.502,-67.2306,-1.0,NaN
118440672,2011-08-30T06:46:00Z,44.5304,-67.2132,-1.0,NaN
118440672,2011-08-30T10:45:00Z,44.522,-67.2133,-1.0,NaN
118440672,2011-08-30T11:32:00Z,44.4896,-67.2342,-1.0,NaN
118440672,2011-08-30T12:01:00Z,44.4741,-67.2441,-1.0,NaN
118440672,2011-08-30T13:15:00Z,44.4479,-67.2599,-1.0,NaN
118440672,2011-08-30T14:09:00Z,44.4315,-67.261,-1.0,NaN
118440672,2011-08-30T14:45:00Z,44.4278,-67.2607,-1.0,NaN
118440672,2011-08-30T15:15:00Z,44.4274,-67.26,-1.0,NaN
118440672,2011-08-30T16:02:00Z,44.4306,-67.2544,-1.0,NaN
118440672,2011-08-30T16:31:00Z,44.434,-67.2509,-1.0,NaN
118440672,2011-08-30T17:02:00Z,44.4382,-67.2481,-1.0,NaN
118440672,2011-08-30T17:39:00Z,44.4446,-67.2453,-1.0,NaN
118440672,2011-08-30T19:02:00Z,44.4555,-67.2424,-1.0,NaN
118440672,2011-08-30T19:31:00Z,44.4587,-67.2485,-1.0,NaN
118440672,2011-08-30T20:32:00Z,44.4603,-67.2625,-1.0,NaN
118440672,2011-08-30T21:01:00Z,44.4563,-67.2705,-1.0,NaN
118440672,2011-08-30T21:32:00Z,44.4488,-67.28,-1.0,NaN
118440672,2011-08-30T22:02:00Z,44.4372,-67.2939,-1.0,NaN
118440672,2011-08-30T22:45:00Z,44.4262,-67.3061,-1.0,NaN
118440672,2011-08-30T23:32:00Z,44.4013,-67.334,-1.0,NaN
118440672,2011-08-31T00:01:00Z,44.3891,-67.3506,-1.0,NaN
118440672,2011-08-31T01:02:00Z,44.3679,-67.3858,-1.0,NaN
118440672,2011-08-31T01:31:00Z,44.359,-67.3985,-1.0,NaN
118440672,2011-08-31T02:39:00Z,44.3439,-67.4234,-1.0,NaN
118440672,2011-08-31T03:39:00Z,44.336,-67.4401,-1.0,NaN
118440672,2011-08-31T04:31:00Z,44.3363,-67.4522,-1.0,NaN
118440672,2011-08-31T06:01:00Z,44.3463,-67.4532,-1.0,NaN
118440672,2011-08-31T06:32:00Z,44.3494,-67.4508,-1.0,NaN
118440672,2011-08-31T07:02:00Z,44.3521,-67.4495,-1.0,NaN
118440672,2011-08-31T08:39:00Z,44.3478,-67.4512,-1.0,NaN
118440672,2011-08-31T09:01:00Z,44.3443,-67.4573,-1.0,NaN
118440672,2011-08-31T09:32:00Z,44.3394,-67.4656,-1.0,NaN
118440672,2011-08-31T10:09:00Z,44.3336,-67.4743,-1.0,NaN
118440672,2011-08-31T10:45:00Z,44.3283,-67.4833,-1.0,NaN
118440672,2011-08-31T11:39:00Z,44.3121,-67.5039,-1.0,NaN
118440672,2011-08-31T12:01:00Z,44.3044,-67.5141,-1.0,NaN
118440672,2011-08-31T12:32:00Z,44.2967,-67.5248,-1.0,NaN
118440672,2011-08-31T13:09:00Z,44.2879,-67.5366,-1.0,NaN
118440672,2011-08-31T13:31:00Z,44.2793,-67.5459,-1.0,NaN
118440672,2011-08-31T15:32:00Z,44.2546,-67.5782,-1.0,NaN
118440672,2011-08-31T16:31:00Z,44.2557,-67.5847,-1.0,NaN
118440672,2011-08-31T17:32:00Z,44.2616,-67.5807,-1.0,NaN
118440672,2011-08-31T18:08:00Z,44.2634,-67.5767,-1.0,NaN
118440672,2011-08-31T18:39:00Z,44.2631,-67.5736,-1.0,NaN
118440672,2011-08-31T19:09:00Z,44.2626,-67.5717,-1.0,NaN
118440672,2011-08-31T19:45:00Z,44.2608,-67.5702,-1.0,NaN
118440672,2011-08-31T20:09:00Z,44.2585,-67.5698,-1.0,NaN
118440672,2011-08-31T20:39:00Z,44.2564,-67.5698,-1.0,NaN
118440672,2011-08-31T21:08:00Z,44.2539,-67.5715,-1.0,NaN
118440672,2011-08-31T21:32:00Z,44.2496,-67.5757,-1.0,NaN
118440672,2011-08-31T22:02:00Z,44.244,-67.5825,-1.0,NaN
118440672,2011-08-31T23:39:00Z,44.2218,-67.6164,-1.0,NaN
118440672,2011-09-01T00:01:00Z,44.2139,-67.6306,-1.0,NaN
118440672,2011-09-01T00:32:00Z,44.2085,-67.6436,-1.0,NaN
118440672,2011-09-01T01:09:00Z,44.2029,-67.6554,-1.0,NaN
118440672,2011-09-01T01:38:00Z,44.1989,-67.665,-1.0,NaN
118440672,2011-09-01T02:02:00Z,44.1949,-67.6706,-1.0,NaN
118440672,2011-09-01T02:39:00Z,44.1916,-67.6766,-1.0,NaN
118440672,2011-09-01T03:01:00Z,44.1891,-67.6773,-1.0,NaN
118440672,2011-09-01T03:32:00Z,44.1889,-67.6745,-1.0,NaN
118440672,2011-09-01T04:02:00Z,44.1903,-67.6666,-1.0,NaN
118440672,2011-09-01T05:09:00Z,44.1901,-67.6578,-1.0,NaN
118440672,2011-09-01T05:32:00Z,44.1884,-67.6558,-1.0,NaN
118440672,2011-09-01T06:08:00Z,44.1885,-67.6538,-1.0,NaN
118440672,2011-09-01T07:45:00Z,44.1944,-67.6507,-1.0,NaN
118440672,2011-09-01T08:39:00Z,44.1966,-67.6533,-1.0,NaN
118440672,2011-09-01T09:46:00Z,44.1963,-67.6618,-1.0,NaN
118440672,2011-09-01T10:15:00Z,44.195,-67.6674,-1.0,NaN
118440672,2011-09-01T10:31:00Z,44.1917,-67.6731,-1.0,NaN
118440672,2011-09-01T11:09:00Z,44.1866,-67.6807,-1.0,NaN
118440672,2011-09-01T11:32:00Z,44.1815,-67.6897,-1.0,NaN
118440672,2011-09-01T12:01:00Z,44.1767,-67.6993,-1.0,NaN
118440672,2011-09-01T12:32:00Z,44.1713,-67.7099,-1.0,NaN
118440672,2011-09-01T13:02:00Z,44.1663,-67.7209,-1.0,NaN
118440672,2011-09-01T13:38:00Z,44.1607,-67.735,-1.0,NaN
118440672,2011-09-01T14:16:00Z,44.1562,-67.7473,-1.0,NaN
118440672,2011-09-01T14:32:00Z,44.1528,-67.7591,-1.0,NaN
118440672,2011-09-01T15:15:00Z,44.1514,-67.77,-1.0,NaN
118440672,2011-09-01T16:02:00Z,44.1524,-67.7863,-1.0,NaN
118440672,2011-09-01T16:31:00Z,44.1539,-67.7904,-1.0,NaN
118440672,2011-09-01T18:08:00Z,44.1615,-67.7959,-1.0,NaN
118440672,2011-09-01T18:32:00Z,44.164,-67.7956,-1.0,NaN
118440672,2011-09-01T19:31:00Z,44.1685,-67.7978,-1.0,NaN
118440672,2011-09-01T20:02:00Z,44.1707,-67.7993,-1.0,NaN
118440672,2011-09-01T21:01:00Z,44.1729,-67.805,-1.0,NaN
118440672,2011-09-01T21:39:00Z,44.1722,-67.81,-1.0,NaN
118440672,2011-09-01T22:02:00Z,44.1705,-67.8167,-1.0,NaN
118440672,2011-09-01T22:31:00Z,44.1673,-67.8264,-1.0,NaN
118440672,2011-09-01T23:09:00Z,44.163,-67.8365,-1.0,NaN
118440672,2011-09-01T23:32:00Z,44.1586,-67.8491,-1.0,NaN
118440672,2011-09-02T00:39:00Z,44.1575,-67.8725,-1.0,NaN
118440672,2011-09-02T01:02:00Z,44.1535,-67.8848,-1.0,NaN
118440672,2011-09-02T01:31:00Z,44.1503,-67.8962,-1.0,NaN
118440672,2011-09-02T02:02:00Z,44.147,-67.9076,-1.0,NaN
118440672,2011-09-02T02:32:00Z,44.1434,-67.9171,-1.0,NaN
118440672,2011-09-02T03:01:00Z,44.1405,-67.9245,-1.0,NaN
118440672,2011-09-02T03:32:00Z,44.1377,-67.9323,-1.0,NaN
118440672,2011-09-02T04:02:00Z,44.1347,-67.9382,-1.0,NaN
118440672,2011-09-02T04:31:00Z,44.1324,-67.943,-1.0,NaN
118440672,2011-09-02T05:16:00Z,44.131,-67.9475,-1.0,NaN
118440672,2011-09-02T06:01:00Z,44.1307,-67.9574,-1.0,NaN
118440672,2011-09-02T06:46:00Z,44.1317,-67.9604,-1.0,NaN
118440672,2011-09-02T07:02:00Z,44.1333,-67.9632,-1.0,NaN
118440672,2011-09-02T08:02:00Z,44.1349,-67.9672,-1.0,NaN
118440672,2011-09-02T08:32:00Z,44.1359,-67.9686,-1.0,NaN
118440672,2011-09-02T09:01:00Z,44.1369,-67.97,-1.0,NaN
118440672,2011-09-02T09:32:00Z,44.1357,-67.9726,-1.0,NaN
118440672,2011-09-02T10:02:00Z,44.1324,-67.9763,-1.0,NaN
118440672,2011-09-02T10:38:00Z,44.1274,-67.9807,-1.0,NaN
118440672,2011-09-02T11:16:00Z,44.1205,-67.9866,-1.0,NaN
118440672,2011-09-02T11:32:00Z,44.1116,-67.9933,-1.0,NaN
118440672,2011-09-02T12:15:00Z,44.1025,-68.0007,-1.0,NaN
118440672,2011-09-02T12:39:00Z,44.0927,-68.0093,-1.0,NaN
118440672,2011-09-02T13:02:00Z,44.0832,-68.0199,-1.0,NaN
118440672,2011-09-02T14:02:00Z,44.0679,-68.0424,-1.0,NaN
118440672,2011-09-02T14:32:00Z,44.0626,-68.0545,-1.0,NaN
118440672,2011-09-02T15:01:00Z,44.0574,-68.0655,-1.0,NaN
118440672,2011-09-02T16:38:00Z,44.0464,-68.0893,-1.0,NaN
118440672,2011-09-02T17:02:00Z,44.0443,-68.097,-1.0,NaN
118440672,2011-09-02T19:09:00Z,44.0453,-68.1184,-1.0,NaN
118440672,2011-09-02T19:45:00Z,44.0463,-68.1207,-1.0,NaN
118440672,2011-09-02T20:09:00Z,44.0479,-68.1238,-1.0,NaN
118440672,2011-09-02T20:39:00Z,44.0512,-68.1292,-1.0,NaN
118440672,2011-09-02T21:01:00Z,44.0534,-68.131,-1.0,NaN
118440672,2011-09-02T22:09:00Z,44.0566,-68.1337,-1.0,NaN
118440672,2011-09-02T23:02:00Z,44.0543,-68.1366,-1.0,NaN
118440672,2011-09-02T23:32:00Z,44.0504,-68.1403,-1.0,NaN
118440672,2011-09-03T00:32:00Z,44.0378,-68.1464,-1.0,NaN
118440672,2011-09-03T01:02:00Z,44.0301,-68.1491,-1.0,NaN
118440672,2011-09-03T02:09:00Z,44.0114,-68.1475,-1.0,NaN
118440672,2011-09-03T03:08:00Z,43.9936,-68.1569,-1.0,NaN
118440672,2011-09-03T03:39:00Z,43.9862,-68.1644,-1.0,NaN
118440672,2011-09-03T04:09:00Z,43.9792,-68.172,-1.0,NaN
118440672,2011-09-03T04:38:00Z,43.9751,-68.1809,-1.0,NaN
118440672,2011-09-03T05:02:00Z,43.9731,-68.1883,-1.0,NaN
118440672,2011-09-03T06:15:00Z,43.9723,-68.1995,-1.0,NaN
118440672,2011-09-03T06:46:00Z,43.9736,-68.2038,-1.0,NaN
118440672,2011-09-03T08:45:00Z,43.9787,-68.2173,-1.0,NaN
118440672,2011-09-03T09:01:00Z,43.9789,-68.2204,-1.0,NaN
118440672,2011-09-03T09:32:00Z,43.979,-68.2239,-1.0,NaN
118440672,2011-09-03T10:02:00Z,43.9786,-68.2273,-1.0,NaN
118440672,2011-09-03T10:31:00Z,43.9777,-68.2309,-1.0,NaN
118440672,2011-09-03T11:02:00Z,43.9768,-68.2347,-1.0,NaN
118440672,2011-09-03T12:01:00Z,43.9703,-68.2419,-1.0,NaN
118440672,2011-09-03T12:39:00Z,43.9653,-68.2462,-1.0,NaN
118440672,2011-09-03T13:02:00Z,43.9612,-68.2528,-1.0,NaN
118440672,2011-09-03T14:02:00Z,43.9501,-68.2613,-1.0,NaN
118440672,2011-09-03T14:45:00Z,43.9437,-68.2647,-1.0,NaN
118440672,2011-09-03T15:08:00Z,43.9381,-68.2687,-1.0,NaN
118440672,2011-09-03T16:15:00Z,43.9249,-68.2746,-1.0,NaN
118440672,2011-09-03T17:02:00Z,43.9153,-68.2799,-1.0,NaN
118440672,2011-09-03T19:02:00Z,43.9065,-68.286,-1.0,NaN
118440672,2011-09-03T21:15:00Z,43.9059,-68.287,-1.0,NaN
118440672,2011-09-03T22:15:00Z,43.9049,-68.2897,-1.0,NaN
118440672,2011-09-03T22:45:00Z,43.9045,-68.2907,-1.0,NaN
118440672,2011-09-03T23:02:00Z,43.9042,-68.2918,-1.0,NaN
118440672,2011-09-03T23:45:00Z,43.9023,-68.2936,-1.0,NaN
118440672,2011-09-04T02:45:00Z,43.8767,-68.3088,-1.0,NaN
118440672,2011-09-04T06:46:00Z,43.8479,-68.3319,-1.0,NaN
118440672,2011-09-04T07:38:00Z,43.8484,-68.3365,-1.0,NaN
118440672,2011-09-04T08:02:00Z,43.853,-68.3419,-1.0,NaN
118440672,2011-09-04T09:39:00Z,43.8622,-68.3502,-1.0,NaN
118440672,2011-09-04T10:09:00Z,43.8652,-68.3515,-1.0,NaN
118440672,2011-09-04T10:38:00Z,43.8676,-68.3508,-1.0,NaN
118440672,2011-09-04T11:02:00Z,43.8692,-68.3501,-1.0,NaN
118440672,2011-09-04T12:32:00Z,43.8627,-68.3477,-1.0,NaN
118440672,2011-09-04T13:02:00Z,43.8593,-68.3487,-1.0,NaN
118440672,2011-09-04T13:45:00Z,43.8547,-68.3508,-1.0,NaN
118440672,2011-09-04T15:46:00Z,43.8309,-68.3593,-1.0,NaN
118440672,2011-09-04T16:02:00Z,43.8243,-68.3627,-1.0,NaN
118440672,2011-09-04T16:31:00Z,43.818,-68.3676,-1.0,NaN
118440672,2011-09-04T17:32:00Z,43.8102,-68.3816,-1.0,NaN
118440672,2011-09-04T19:09:00Z,43.8081,-68.4043,-1.0,NaN
118440672,2011-09-04T19:31:00Z,43.8089,-68.4082,-1.0,NaN
118440672,2011-09-04T23:02:00Z,43.8315,-68.4195,-1.0,NaN
118440672,2011-09-05T00:01:00Z,43.8331,-68.4162,-1.0,NaN
118440672,2011-09-05T01:02:00Z,43.8281,-68.4137,-1.0,NaN
118440672,2011-09-05T02:32:00Z,43.8099,-68.4094,-1.0,NaN
118440672,2011-09-05T04:15:00Z,43.7872,-68.4157,-1.0,NaN
118440672,2011-09-05T06:39:00Z,43.7661,-68.4292,-1.0,NaN
118440672,2011-09-05T10:02:00Z,43.7866,-68.4408,-1.0,NaN
118440672,2011-09-05T10:31:00Z,43.7914,-68.4385,-1.0,NaN
118440672,2011-09-05T11:16:00Z,43.7973,-68.4366,-1.0,NaN
118440672,2011-09-05T11:45:00Z,43.8022,-68.4328,-1.0,NaN
118440672,2011-09-05T12:08:00Z,43.8049,-68.428,-1.0,NaN
118440672,2011-09-05T12:46:00Z,43.8058,-68.4227,-1.0,NaN
118440672,2011-09-05T17:09:00Z,43.7701,-68.3994,-1.0,NaN
118440672,2011-09-05T18:46:00Z,43.7565,-68.3987,-1.0,NaN
118440672,2011-09-05T20:02:00Z,43.7535,-68.4066,-1.0,NaN
118440672,2011-09-05T20:39:00Z,43.7554,-68.4099,-1.0,NaN
118440672,2011-09-05T21:15:00Z,43.7581,-68.4128,-1.0,NaN
118440672,2011-09-05T22:09:00Z,43.766,-68.4185,-1.0,NaN
118440672,2011-09-05T22:45:00Z,43.7702,-68.4204,-1.0,NaN
118440672,2011-09-06T00:32:00Z,43.786,-68.4209,-1.0,NaN
118440672,2011-09-06T02:45:00Z,43.7907,-68.4091,-1.0,NaN
118440672,2011-09-06T03:32:00Z,43.7895,-68.4027,-1.0,NaN
118440672,2011-09-06T04:02:00Z,43.7872,-68.3985,-1.0,NaN
118440672,2011-09-06T06:03:00Z,43.768,-68.3726,-1.0,NaN
118440672,2011-09-06T06:32:00Z,43.7622,-68.3663,-1.0,NaN
118440672,2011-09-06T08:02:00Z,43.749,-68.3521,-1.0,NaN
118440672,2011-09-06T08:45:00Z,43.7453,-68.3478,-1.0,NaN
118440672,2011-09-06T10:45:00Z,43.7299,-68.3287,-1.0,NaN
118440672,2011-09-06T11:16:00Z,43.7262,-68.3258,-1.0,NaN
118440672,2011-09-06T11:39:00Z,43.7217,-68.3245,-1.0,NaN
118440672,2011-09-06T12:03:00Z,43.717,-68.3232,-1.0,NaN
118440672,2011-09-06T12:39:00Z,43.7124,-68.3226,-1.0,NaN
118440672,2011-09-06T13:02:00Z,43.7067,-68.3226,-1.0,NaN
118440672,2011-09-06T14:32:00Z,43.6899,-68.326,-1.0,NaN
118440672,2011-09-06T15:32:00Z,43.6765,-68.3341,-1.0,NaN
118440672,2011-09-06T16:31:00Z,43.6619,-68.3441,-1.0,NaN
118440672,2011-09-06T18:46:00Z,43.6421,-68.3742,-1.0,NaN
118440672,2011-09-06T19:38:00Z,43.6458,-68.3894,-1.0,NaN
118440672,2011-09-06T20:39:00Z,43.6533,-68.388,-1.0,NaN
118440672,2011-09-06T21:01:00Z,43.6551,-68.3825,-1.0,NaN
118440672,2011-09-06T21:32:00Z,43.656,-68.3752,-1.0,NaN
118440672,2011-09-06T22:02:00Z,43.6564,-68.3676,-1.0,NaN
118440672,2011-09-06T22:31:00Z,43.6561,-68.3596,-1.0,NaN
118440672,2011-09-06T23:02:00Z,43.6565,-68.3516,-1.0,NaN
118440672,2011-09-07T00:15:00Z,43.6562,-68.3359,-1.0,NaN
118440672,2011-09-07T00:32:00Z,43.654,-68.3294,-1.0,NaN
118440672,2011-09-07T01:02:00Z,43.6495,-68.3235,-1.0,NaN
118440672,2011-09-07T01:31:00Z,43.6439,-68.3194,-1.0,NaN
118440672,2011-09-07T02:02:00Z,43.6378,-68.3159,-1.0,NaN
118440672,2011-09-07T03:01:00Z,43.6232,-68.311,-1.0,NaN
118440672,2011-09-07T03:39:00Z,43.616,-68.3131,-1.0,NaN
118440672,2011-09-07T04:02:00Z,43.6094,-68.3167,-1.0,NaN
118440672,2011-09-07T04:38:00Z,43.6048,-68.3223,-1.0,NaN
118440672,2011-09-07T05:02:00Z,43.6037,-68.3287,-1.0,NaN
118440672,2011-09-07T05:32:00Z,43.603,-68.3329,-1.0,NaN
118440672,2011-09-07T06:46:00Z,43.6052,-68.3371,-1.0,NaN
118440672,2011-09-07T07:02:00Z,43.6081,-68.3356,-1.0,NaN
118440672,2011-09-07T07:31:00Z,43.6106,-68.3316,-1.0,NaN
118440672,2011-09-07T08:45:00Z,43.617,-68.3208,-1.0,NaN
118440672,2011-09-07T09:01:00Z,43.6193,-68.3132,-1.0,NaN
118440672,2011-09-07T10:02:00Z,43.623,-68.2946,-1.0,NaN
118440672,2011-09-07T10:45:00Z,43.6254,-68.2839,-1.0,NaN
118440672,2011-09-07T11:02:00Z,43.6267,-68.274,-1.0,NaN
118440672,2011-09-07T12:39:00Z,43.6279,-68.2445,-1.0,NaN
118440672,2011-09-07T15:39:00Z,43.6165,-68.2394,-1.0,NaN
118440672,2011-09-07T16:38:00Z,43.6278,-68.2696,-1.0,NaN
118440672,2011-09-07T17:16:00Z,43.6355,-68.2837,-1.0,NaN
118440672,2011-09-07T18:39:00Z,43.6686,-68.3168,-1.0,NaN
118440672,2011-09-07T19:31:00Z,43.6835,-68.3221,-1.0,NaN
118440672,2011-09-07T20:32:00Z,43.6923,-68.3216,-1.0,NaN
118440672,2011-09-07T21:32:00Z,43.6974,-68.3157,-1.0,NaN
118440672,2011-09-07T22:02:00Z,43.6982,-68.3126,-1.0,NaN
118440672,2011-09-07T23:32:00Z,43.695,-68.3003,-1.0,NaN
118440672,2011-09-08T02:09:00Z,43.6736,-68.3105,-1.0,NaN
118440672,2011-09-08T04:02:00Z,43.6574,-68.3511,-1.0,NaN
118440672,2011-09-08T04:38:00Z,43.6529,-68.363,-1.0,NaN
118440672,2011-09-08T06:46:00Z,43.6418,-68.41,-1.0,NaN
118440672,2011-09-08T09:01:00Z,43.6397,-68.4309,-1.0,NaN
118440672,2011-09-08T12:01:00Z,43.6341,-68.4186,-1.0,NaN
118440672,2011-09-08T13:31:00Z,43.628,-68.4119,-1.0,NaN
118440672,2011-09-08T14:02:00Z,43.6237,-68.4114,-1.0,NaN
118440672,2011-09-08T15:01:00Z,43.6148,-68.4143,-1.0,NaN
118440672,2011-09-08T16:38:00Z,43.5981,-68.4278,-1.0,NaN
118440672,2011-09-08T17:09:00Z,43.5925,-68.4334,-1.0,NaN
118440672,2011-09-08T18:39:00Z,43.5763,-68.4505,-1.0,NaN
118440672,2011-09-08T19:15:00Z,43.5729,-68.4575,-1.0,NaN
118440672,2011-09-08T20:02:00Z,43.5706,-68.4668,-1.0,NaN
118440672,2011-09-08T20:32:00Z,43.5688,-68.4696,-1.0,NaN
118440672,2011-09-09T01:02:00Z,43.5518,-68.4331,-1.0,NaN
118440672,2011-09-09T01:38:00Z,43.5489,-68.4295,-1.0,NaN
118440672,2011-09-09T02:39:00Z,43.5422,-68.4257,-1.0,NaN
118440672,2011-09-09T03:39:00Z,43.5325,-68.4293,-1.0,NaN
118440672,2011-09-09T04:02:00Z,43.5275,-68.4324,-1.0,NaN
118440672,2011-09-09T05:02:00Z,43.5228,-68.442,-1.0,NaN
118440672,2011-09-09T06:32:00Z,43.5157,-68.445,-1.0,NaN
118440672,2011-09-09T07:02:00Z,43.5128,-68.4426,-1.0,NaN
118440672,2011-09-09T07:38:00Z,43.5102,-68.4398,-1.0,NaN
118440672,2011-09-09T08:02:00Z,43.5076,-68.4361,-1.0,NaN
118440672,2011-09-09T08:32:00Z,43.5045,-68.4316,-1.0,NaN
118440672,2011-09-09T09:08:00Z,43.5012,-68.4273,-1.0,NaN
118440672,2011-09-09T09:39:00Z,43.4976,-68.4217,-1.0,NaN
118440672,2011-09-09T10:09:00Z,43.4941,-68.4158,-1.0,NaN
118440672,2011-09-09T10:31:00Z,43.4902,-68.4113,-1.0,NaN
118440672,2011-09-09T11:32:00Z,43.4826,-68.4029,-1.0,NaN
118440672,2011-09-09T14:02:00Z,43.4724,-68.3904,-1.0,NaN
118440672,2011-09-09T16:02:00Z,43.4728,-68.4021,-1.0,NaN
118440672,2011-09-09T18:32:00Z,43.4819,-68.4255,-1.0,NaN
118440672,2011-09-09T19:15:00Z,43.481,-68.427,-1.0,NaN
118440672,2011-09-09T21:01:00Z,43.4728,-68.4219,-1.0,NaN
118440672,2011-09-09T22:31:00Z,43.4684,-68.4206,-1.0,NaN
118440672,2011-09-10T00:39:00Z,43.4637,-68.4115,-1.0,NaN
118440672,2011-09-10T01:31:00Z,43.4637,-68.406,-1.0,NaN
118440672,2011-09-10T02:45:00Z,43.4635,-68.4028,-1.0,NaN
118440672,2011-09-10T03:08:00Z,43.4631,-68.4043,-1.0,NaN
118440672,2011-09-10T04:38:00Z,43.4661,-68.4145,-1.0,NaN
118440672,2011-09-10T05:32:00Z,43.4675,-68.4287,-1.0,NaN
118440672,2011-09-10T06:32:00Z,43.4689,-68.4425,-1.0,NaN
118440672,2011-09-10T07:02:00Z,43.4687,-68.4477,-1.0,NaN
118440672,2011-09-10T07:38:00Z,43.4656,-68.4503,-1.0,NaN
118440672,2011-09-10T08:02:00Z,43.4615,-68.4525,-1.0,NaN
118440672,2011-09-10T08:45:00Z,43.4596,-68.4568,-1.0,NaN
118440672,2011-09-10T09:01:00Z,43.4562,-68.4576,-1.0,NaN
118440672,2011-09-10T09:32:00Z,43.4519,-68.4591,-1.0,NaN
118440672,2011-09-10T10:31:00Z,43.4448,-68.4603,-1.0,NaN
118440672,2011-09-10T11:09:00Z,43.4411,-68.4584,-1.0,NaN
118440672,2011-09-10T11:32:00Z,43.4401,-68.4595,-1.0,NaN
118440672,2011-09-10T12:01:00Z,43.438,-68.4581,-1.0,NaN
118440672,2011-09-10T12:32:00Z,43.4355,-68.4562,-1.0,NaN
118440672,2011-09-10T13:02:00Z,43.4337,-68.4538,-1.0,NaN
118440672,2011-09-10T14:32:00Z,43.4264,-68.4541,-1.0,NaN
118440672,2011-09-10T15:32:00Z,43.4234,-68.4639,-1.0,NaN
118440672,2011-09-10T16:45:00Z,43.4247,-68.4822,-1.0,NaN
118440672,2011-09-10T22:02:00Z,43.4091,-68.5313,-1.0,NaN
118440672,2011-09-10T22:31:00Z,43.404,-68.5282,-1.0,NaN
118440672,2011-09-11T00:08:00Z,43.39,-68.5205,-1.0,NaN
118440672,2011-09-11T00:32:00Z,43.386,-68.5183,-1.0,NaN
118440672,2011-09-11T01:02:00Z,43.3819,-68.5167,-1.0,NaN
118440672,2011-09-11T01:31:00Z,43.3786,-68.5164,-1.0,NaN
118440672,2011-09-11T02:39:00Z,43.3727,-68.5189,-1.0,NaN
118440672,2011-09-11T03:15:00Z,43.3717,-68.5218,-1.0,NaN
118440672,2011-09-11T03:39:00Z,43.3734,-68.5258,-1.0,NaN
118440672,2011-09-11T04:02:00Z,43.3742,-68.5313,-1.0,NaN
118440672,2011-09-11T04:38:00Z,43.3745,-68.5347,-1.0,NaN
118440672,2011-09-11T05:32:00Z,43.3726,-68.5462,-1.0,NaN
118440672,2011-09-11T06:32:00Z,43.3702,-68.5577,-1.0,NaN
118440672,2011-09-11T07:31:00Z,43.3648,-68.5678,-1.0,NaN
118440672,2011-09-11T08:02:00Z,43.364,-68.5748,-1.0,NaN
118440672,2011-09-11T08:45:00Z,43.3603,-68.5775,-1.0,NaN
118440672,2011-09-11T09:08:00Z,43.3572,-68.5814,-1.0,NaN
118440672,2011-09-11T09:39:00Z,43.3548,-68.5843,-1.0,NaN
118440672,2011-09-11T10:02:00Z,43.3506,-68.5826,-1.0,NaN
118440672,2011-09-11T10:38:00Z,43.3454,-68.58,-1.0,NaN
118440672,2011-09-11T11:16:00Z,43.3395,-68.5776,-1.0,NaN
118440672,2011-09-11T11:39:00Z,43.3338,-68.5728,-1.0,NaN
118440672,2011-09-11T12:08:00Z,43.3264,-68.5682,-1.0,NaN
118440672,2011-09-11T13:15:00Z,43.3122,-68.5633,-1.0,NaN
118440672,2011-09-11T14:02:00Z,43.3008,-68.5632,-1.0,NaN
118440672,2011-09-11T14:32:00Z,43.2972,-68.5649,-1.0,NaN
118440672,2011-09-11T15:32:00Z,43.2929,-68.5763,-1.0,NaN
118440672,2011-09-11T16:31:00Z,43.2931,-68.5873,-1.0,NaN
118440672,2011-09-11T17:02:00Z,43.2939,-68.5916,-1.0,NaN
118440672,2011-09-11T18:01:00Z,43.294,-68.5978,-1.0,NaN
118440672,2011-09-11T18:39:00Z,43.295,-68.6029,-1.0,NaN
118440672,2011-09-11T19:38:00Z,43.2985,-68.6062,-1.0,NaN
118440672,2011-09-11T20:02:00Z,43.2972,-68.6035,-1.0,NaN
118440672,2011-09-11T21:01:00Z,43.2919,-68.5964,-1.0,NaN
118440672,2011-09-11T23:39:00Z,43.2591,-68.5668,-1.0,NaN
118440672,2011-09-12T02:32:00Z,43.2287,-68.5498,-1.0,NaN
118440672,2011-09-12T03:08:00Z,43.2282,-68.5507,-1.0,NaN
118440672,2011-09-12T03:32:00Z,43.2288,-68.5512,-1.0,NaN
118440672,2011-09-12T04:38:00Z,43.231,-68.5533,-1.0,NaN
118440672,2011-09-12T05:16:00Z,43.2338,-68.557,-1.0,NaN
118440672,2011-09-12T06:01:00Z,43.2413,-68.5599,-1.0,NaN
118440672,2011-09-12T07:02:00Z,43.2445,-68.5598,-1.0,NaN
118440672,2011-09-12T07:45:00Z,43.2449,-68.5579,-1.0,NaN
118440672,2011-09-12T08:32:00Z,43.2431,-68.5528,-1.0,NaN
118440672,2011-09-12T09:15:00Z,43.2397,-68.5477,-1.0,NaN
118440672,2011-09-12T09:46:00Z,43.2356,-68.5434,-1.0,NaN
118440672,2011-09-12T10:38:00Z,43.2258,-68.5322,-1.0,NaN
118440672,2011-09-12T12:15:00Z,43.2144,-68.5175,-1.0,NaN
118440672,2011-09-12T12:32:00Z,43.2122,-68.5134,-1.0,NaN
118440672,2011-09-12T13:02:00Z,43.2109,-68.5091,-1.0,NaN
118440672,2011-09-12T13:31:00Z,43.2105,-68.504,-1.0,NaN
118440672,2011-09-12T14:32:00Z,43.2122,-68.495,-1.0,NaN
118440672,2011-09-12T15:01:00Z,43.2131,-68.489,-1.0,NaN
118440672,2011-09-12T16:15:00Z,43.2147,-68.48,-1.0,NaN
118440672,2011-09-12T16:31:00Z,43.2175,-68.4775,-1.0,NaN
118440672,2011-09-12T18:39:00Z,43.2171,-68.4647,-1.0,NaN
118440672,2011-09-12T19:38:00Z,43.2106,-68.4583,-1.0,NaN
118440672,2011-09-12T20:02:00Z,43.2061,-68.4574,-1.0,NaN
118440672,2011-09-12T21:01:00Z,43.1965,-68.4575,-1.0,NaN
118440672,2011-09-12T21:46:00Z,43.1915,-68.458,-1.0,NaN
118440672,2011-09-12T22:02:00Z,43.1867,-68.4586,-1.0,NaN
118440672,2011-09-13T00:32:00Z,43.1775,-68.4601,-1.0,NaN
118440672,2011-09-13T02:39:00Z,43.1841,-68.4505,-1.0,NaN
118440672,2011-09-13T03:08:00Z,43.1889,-68.4473,-1.0,NaN
118440672,2011-09-13T04:45:00Z,43.2036,-68.4359,-1.0,NaN
118440672,2011-09-13T06:08:00Z,43.2094,-68.4212,-1.0,NaN
118440672,2011-09-13T07:09:00Z,43.2073,-68.4086,-1.0,NaN
118440672,2011-09-13T07:31:00Z,43.2044,-68.4031,-1.0,NaN
118440672,2011-09-13T08:16:00Z,43.1999,-68.399,-1.0,NaN
118440672,2011-09-13T08:32:00Z,43.1951,-68.3956,-1.0,NaN
118440672,2011-09-13T10:02:00Z,43.1795,-68.3963,-1.0,NaN
118440672,2011-09-13T10:31:00Z,43.1762,-68.397,-1.0,NaN
118440672,2011-09-13T12:08:00Z,43.1672,-68.3974,-1.0,NaN
118440672,2011-09-13T12:32:00Z,43.1639,-68.3967,-1.0,NaN
118440672,2011-09-13T13:02:00Z,43.1616,-68.3967,-1.0,NaN
118440672,2011-09-13T13:31:00Z,43.1603,-68.3944,-1.0,NaN
118440672,2011-09-13T14:02:00Z,43.162,-68.3955,-1.0,NaN
118440672,2011-09-13T15:32:00Z,43.177,-68.3938,-1.0,NaN
118440672,2011-09-13T17:32:00Z,43.193,-68.3815,-1.0,NaN
118440672,2011-09-13T19:31:00Z,43.2022,-68.3613,-1.0,NaN
118440672,2011-09-13T20:09:00Z,43.2018,-68.3564,-1.0,NaN
118440672,2011-09-13T20:32:00Z,43.2015,-68.3526,-1.0,NaN
118440672,2011-09-13T23:16:00Z,43.1882,-68.3307,-1.0,NaN
118440672,2011-09-14T02:02:00Z,43.1735,-68.3062,-1.0,NaN
118440672,2011-09-14T02:32:00Z,43.1766,-68.304,-1.0,NaN
118440672,2011-09-14T03:46:00Z,43.183,-68.2957,-1.0,NaN
118440672,2011-09-14T05:39:00Z,43.192,-68.2785,-1.0,NaN
118440672,2011-09-14T09:46:00Z,43.195,-68.2483,-1.0,NaN
118440672,2011-09-14T10:31:00Z,43.1896,-68.2393,-1.0,NaN
118440672,2011-09-14T11:02:00Z,43.1866,-68.2333,-1.0,NaN
118440672,2011-09-14T11:32:00Z,43.1832,-68.2287,-1.0,NaN
118440672,2011-09-14T12:46:00Z,43.1788,-68.2292,-1.0,NaN
118440672,2011-09-14T13:02:00Z,43.1804,-68.2299,-1.0,NaN
118440672,2011-09-14T13:33:00Z,43.1817,-68.2271,-1.0,NaN
118440672,2011-09-14T15:32:00Z,43.1955,-68.2084,-1.0,NaN
118440672,2011-09-14T17:32:00Z,43.2089,-68.1776,-1.0,NaN
118440672,2011-09-14T18:32:00Z,43.2122,-68.1617,-1.0,NaN
118440672,2011-09-14T23:09:00Z,43.1837,-68.1386,-1.0,NaN
118440672,2011-09-14T23:32:00Z,43.1814,-68.1405,-1.0,NaN
118440672,2011-09-15T00:32:00Z,43.1799,-68.1448,-1.0,NaN
118440672,2011-09-15T01:31:00Z,43.1857,-68.1442,-1.0,NaN
118440672,2011-09-15T02:16:00Z,43.1902,-68.1435,-1.0,NaN
118440672,2011-09-15T03:01:00Z,43.2024,-68.1355,-1.0,NaN
118440672,2011-09-15T05:16:00Z,43.2321,-68.1001,-1.0,NaN
118440672,2011-09-15T05:32:00Z,43.2357,-68.0885,-1.0,NaN
118440672,2011-09-15T07:02:00Z,43.2394,-68.0546,-1.0,NaN
118440672,2011-09-15T07:31:00Z,43.2375,-68.0456,-1.0,NaN
118440672,2011-09-15T10:31:00Z,43.2079,-68.0311,-1.0,NaN
118440672,2011-09-15T12:32:00Z,43.2082,-68.0452,-1.0,NaN
118440672,2011-09-15T14:39:00Z,43.2253,-68.0443,-1.0,NaN
118440672,2011-09-15T15:01:00Z,43.232,-68.0407,-1.0,NaN
118440672,2011-09-15T16:09:00Z,43.2449,-68.0273,-1.0,NaN
118440672,2011-09-15T16:31:00Z,43.251,-68.0171,-1.0,NaN
118440672,2011-09-16T00:39:00Z,43.2631,-67.9863,-1.0,NaN
118440672,2011-09-16T01:31:00Z,43.2732,-67.9851,-1.0,NaN
118440672,2011-09-16T02:02:00Z,43.2774,-67.9805,-1.0,NaN
118440672,2011-09-16T03:01:00Z,43.2857,-67.9636,-1.0,NaN
118440672,2011-09-16T03:39:00Z,43.2884,-67.9534,-1.0,NaN
118440672,2011-09-16T08:16:00Z,43.2711,-67.9027,-1.0,NaN
118440672,2011-09-16T08:39:00Z,43.2673,-67.9048,-1.0,NaN
118440672,2011-09-16T11:03:00Z,43.2359,-67.9318,-1.0,NaN
118440672,2011-09-16T12:03:00Z,43.2304,-67.9511,-1.0,NaN
118440672,2011-09-16T13:02:00Z,43.229,-67.9656,-1.0,NaN
118440672,2011-09-16T13:31:00Z,43.2287,-67.9691,-1.0,NaN
118440672,2011-09-16T15:46:00Z,43.2298,-67.9652,-1.0,NaN
118440672,2011-09-16T16:02:00Z,43.2312,-67.9598,-1.0,NaN
118440672,2011-09-16T22:31:00Z,43.219,-67.9568,-1.0,NaN
118440672,2011-09-16T23:16:00Z,43.2187,-67.9607,-1.0,NaN
118440672,2011-09-17T00:32:00Z,43.2254,-67.9717,-1.0,NaN
118440672,2011-09-17T04:31:00Z,43.2277,-67.9116,-1.0,NaN
118440672,2011-09-17T05:16:00Z,43.2251,-67.9009,-1.0,NaN
118440672,2011-09-17T07:45:00Z,43.2033,-67.8774,-1.0,NaN
118440672,2011-09-17T10:02:00Z,43.1835,-67.9053,-1.0,NaN
118440672,2011-09-17T12:33:00Z,43.1871,-67.9551,-1.0,NaN
118440672,2011-09-17T13:31:00Z,43.1974,-67.9675,-1.0,NaN
118440672,2011-09-17T17:09:00Z,43.2221,-67.9245,-1.0,NaN
118440672,2011-09-17T21:32:00Z,43.216,-67.8788,-1.0,NaN
118440672,2011-09-17T22:02:00Z,43.2159,-67.8846,-1.0,NaN
118440672,2011-09-18T00:01:00Z,43.2177,-67.9053,-1.0,NaN
118440672,2011-09-18T01:02:00Z,43.2246,-67.9119,-1.0,NaN
118440672,2011-09-18T01:31:00Z,43.2253,-67.9116,-1.0,NaN
118440672,2011-09-18T02:02:00Z,43.2256,-67.9095,-1.0,NaN
118440672,2011-09-18T02:39:00Z,43.2264,-67.9061,-1.0,NaN
118440672,2011-09-18T04:02:00Z,43.2263,-67.8886,-1.0,NaN
118440672,2011-09-18T04:31:00Z,43.2268,-67.8823,-1.0,NaN
118440672,2011-09-18T05:16:00Z,43.2271,-67.8756,-1.0,NaN
118440672,2011-09-18T06:15:00Z,43.2277,-67.8634,-1.0,NaN
118440672,2011-09-18T06:32:00Z,43.2279,-67.8588,-1.0,NaN
118440672,2011-09-18T08:09:00Z,43.2287,-67.8488,-1.0,NaN
118440672,2011-09-18T09:39:00Z,43.2283,-67.8579,-1.0,NaN
118440672,2011-09-18T10:02:00Z,43.2301,-67.862,-1.0,NaN
118440672,2011-09-18T10:31:00Z,43.2313,-67.8651,-1.0,NaN
118440672,2011-09-18T11:09:00Z,43.2334,-67.8699,-1.0,NaN
118440672,2011-09-18T12:01:00Z,43.239,-67.8824,-1.0,NaN
118440672,2011-09-18T12:46:00Z,43.2432,-67.8868,-1.0,NaN
118440672,2011-09-18T13:09:00Z,43.2511,-67.8918,-1.0,NaN
118440672,2011-09-18T13:31:00Z,43.2558,-67.8918,-1.0,NaN
118440672,2011-09-18T14:45:00Z,43.2657,-67.8851,-1.0,NaN
118440672,2011-09-18T15:32:00Z,43.2702,-67.868,-1.0,NaN
118440672,2011-09-18T16:02:00Z,43.2701,-67.8586,-1.0,NaN
118440672,2011-09-18T16:31:00Z,43.2691,-67.8485,-1.0,NaN
118440672,2011-09-18T17:02:00Z,43.2673,-67.8386,-1.0,NaN
118440672,2011-09-18T17:32:00Z,43.2642,-67.8292,-1.0,NaN
118440672,2011-09-18T18:08:00Z,43.2619,-67.8219,-1.0,NaN
118440672,2011-09-18T19:31:00Z,43.2521,-67.8082,-1.0,NaN
118440672,2011-09-18T20:45:00Z,43.2439,-67.8093,-1.0,NaN
118440672,2011-09-18T22:02:00Z,43.2397,-67.8295,-1.0,NaN
118440672,2011-09-18T23:32:00Z,43.2442,-67.856,-1.0,NaN
118440672,2011-09-19T00:46:00Z,43.248,-67.8688,-1.0,NaN
118440672,2011-09-19T01:09:00Z,43.2494,-67.8755,-1.0,NaN
118440672,2011-09-19T02:02:00Z,43.2554,-67.8848,-1.0,NaN
118440672,2011-09-19T03:01:00Z,43.2732,-67.8885,-1.0,NaN
118440672,2011-09-19T04:31:00Z,43.2899,-67.8719,-1.0,NaN
118440672,2011-09-19T05:32:00Z,43.2945,-67.8503,-1.0,NaN
118440672,2011-09-19T06:01:00Z,43.2944,-67.8399,-1.0,NaN
118440672,2011-09-19T06:32:00Z,43.2939,-67.8312,-1.0,NaN
118440672,2011-09-19T13:31:00Z,43.2719,-67.8393,-1.0,NaN
118440672,2011-09-19T15:32:00Z,43.275,-67.8578,-1.0,NaN
118440672,2011-09-19T16:38:00Z,43.2764,-67.858,-1.0,NaN
118440672,2011-09-19T18:01:00Z,43.2797,-67.8525,-1.0,NaN
118440672,2011-09-19T18:39:00Z,43.2801,-67.8483,-1.0,NaN
118440672,2011-09-19T19:09:00Z,43.2801,-67.8469,-1.0,NaN
118440672,2011-09-19T21:01:00Z,43.2871,-67.8495,-1.0,NaN
118440672,2011-09-19T21:32:00Z,43.2899,-67.8485,-1.0,NaN
118440672,2011-09-19T22:02:00Z,43.2916,-67.8477,-1.0,NaN
118440672,2011-09-19T23:45:00Z,43.293,-67.8435,-1.0,NaN
118440672,2011-09-20T01:02:00Z,43.2953,-67.8506,-1.0,NaN
118440672,2011-09-20T02:02:00Z,43.2992,-67.8557,-1.0,NaN
118440672,2011-09-20T04:31:00Z,43.3062,-67.8392,1.0,NaN
118440672,2011-09-20T04:38:00Z,43.3062,-67.8392,-1.0,NaN
118440672,2011-09-20T06:01:00Z,43.3013,-67.8123,-1.0,NaN
118440672,2011-09-20T10:02:00Z,43.2756,-67.7861,1.0,NaN
118440672,2011-09-20T10:15:00Z,43.2756,-67.7861,-1.0,NaN
118440672,2011-09-20T13:02:00Z,43.2717,-67.8168,1.0,NaN
118440672,2011-09-20T16:02:00Z,43.2973,-67.8315,1.0,NaN
118440672,2011-09-20T17:02:00Z,43.3055,-67.818,1.0,NaN
118440672,2011-09-20T17:32:00Z,43.3068,-67.8088,1.0,NaN
118440672,2011-09-20T22:31:00Z,43.2927,-67.7365,1.0,NaN
118440672,2011-09-21T03:32:00Z,43.2874,-67.743,1.0,NaN
118440672,2011-09-21T05:32:00Z,43.277,-67.732,1.0,NaN
118440672,2011-09-21T06:32:00Z,43.2732,-67.7276,1.0,NaN
118440672,2011-09-21T07:02:00Z,43.2725,-67.7251,1.0,NaN
118440672,2011-09-21T10:02:00Z,43.2834,-67.7066,1.0,NaN
118440672,2011-09-21T11:32:00Z,43.2869,-67.6982,1.0,NaN
118440672,2011-09-21T12:32:00Z,43.2894,-67.6982,1.0,NaN
118440672,2011-09-21T13:31:00Z,43.298,-67.7014,1.0,NaN
118440672,2011-09-21T16:31:00Z,43.3036,-67.6761,1.0,NaN
118440672,2011-09-21T18:01:00Z,43.2895,-67.6583,1.0,NaN
118440672,2011-09-21T18:32:00Z,43.2835,-67.6542,1.0,NaN
118440672,2011-09-21T19:02:00Z,43.2781,-67.6517,1.0,NaN
118440672,2011-09-21T20:32:00Z,43.2686,-67.6478,1.0,NaN
118440672,2011-09-21T21:01:00Z,43.2676,-67.6475,1.0,NaN
118440672,2011-09-21T21:32:00Z,43.2673,-67.6488,1.0,NaN
118440672,2011-09-21T22:02:00Z,43.2685,-67.6508,1.0,NaN
118440672,2011-09-21T22:31:00Z,43.271,-67.6528,1.0,NaN
118440672,2011-09-21T23:02:00Z,43.2742,-67.6551,1.0,NaN
118440672,2011-09-22T00:01:00Z,43.2802,-67.659,1.0,NaN
118440672,2011-09-22T00:32:00Z,43.2842,-67.6617,1.0,NaN
118440672,2011-09-22T01:31:00Z,43.2958,-67.6669,1.0,NaN
118440672,2011-09-22T02:32:00Z,43.3055,-67.6674,1.0,NaN
118440672,2011-09-22T03:32:00Z,43.3126,-67.6617,1.0,NaN
118440672,2011-09-22T04:31:00Z,43.3148,-67.6507,1.0,NaN
118440672,2011-09-22T05:32:00Z,43.3129,-67.6366,1.0,NaN
118440672,2011-09-22T07:31:00Z,43.2981,-67.6058,1.0,NaN
118440672,2011-09-22T08:02:00Z,43.2939,-67.5994,1.0,NaN
118440672,2011-09-22T08:32:00Z,43.2903,-67.5939,1.0,NaN
118440672,2011-09-22T11:32:00Z,43.285,-67.5848,1.0,NaN
118440672,2011-09-22T12:01:00Z,43.2879,-67.5874,1.0,NaN
118440672,2011-09-22T12:32:00Z,43.2913,-67.5906,1.0,NaN
118440672,2011-09-22T15:01:00Z,43.3088,-67.6036,1.0,NaN
118440672,2011-09-22T15:32:00Z,43.3122,-67.6045,1.0,NaN
118440672,2011-09-22T19:02:00Z,43.306,-67.5877,1.0,NaN
118440672,2011-09-22T20:32:00Z,43.3041,-67.5759,1.0,NaN
118440672,2011-09-22T21:01:00Z,43.3048,-67.5728,1.0,NaN
118440672,2011-09-22T22:02:00Z,43.3059,-67.5642,1.0,NaN
118440672,2011-09-22T22:31:00Z,43.3064,-67.5591,1.0,NaN
118440672,2011-09-23T03:01:00Z,43.3264,-67.5539,1.0,NaN
118440672,2011-09-23T04:02:00Z,43.3271,-67.5519,1.0,NaN
118440672,2011-09-23T05:02:00Z,43.325,-67.5476,1.0,NaN
118440672,2011-09-23T05:32:00Z,43.3225,-67.5438,1.0,NaN
118440672,2011-09-23T06:32:00Z,43.3131,-67.5349,1.0,NaN
118440672,2011-09-23T08:02:00Z,43.2922,-67.5153,1.0,NaN
118440672,2011-09-23T08:32:00Z,43.2854,-67.5108,1.0,NaN
118440672,2011-09-23T09:01:00Z,43.2801,-67.5095,1.0,NaN
118440672,2011-09-23T10:31:00Z,43.2768,-67.5123,1.0,NaN
118440672,2011-09-23T11:02:00Z,43.2785,-67.5151,1.0,NaN
118440672,2011-09-23T12:01:00Z,43.2871,-67.5218,1.0,NaN
118440672,2011-09-23T12:32:00Z,43.2934,-67.5249,1.0,NaN
118440672,2011-09-23T13:02:00Z,43.3006,-67.5283,1.0,NaN
118440672,2011-09-23T13:31:00Z,43.3082,-67.529,1.0,NaN
118440672,2011-09-23T15:01:00Z,43.3297,-67.5271,1.0,NaN
118440672,2011-09-23T15:32:00Z,43.3351,-67.5237,1.0,NaN
118440672,2011-09-23T16:02:00Z,43.3395,-67.5188,1.0,NaN
118440672,2011-09-23T18:01:00Z,43.3382,-67.4877,1.0,NaN
118440672,2011-09-23T18:32:00Z,43.3333,-67.4783,1.0,NaN
118440672,2011-09-23T19:02:00Z,43.3259,-67.4681,1.0,NaN
118440672,2011-09-23T19:31:00Z,43.3178,-67.4596,1.0,NaN
118440672,2011-09-23T21:32:00Z,43.2897,-67.4378,1.0,NaN
118440672,2011-09-23T22:02:00Z,43.2845,-67.4364,1.0,NaN
118440672,2011-09-23T23:02:00Z,43.2779,-67.4418,1.0,NaN
118440672,2011-09-23T23:32:00Z,43.2773,-67.4468,1.0,NaN
118440672,2011-09-24T00:32:00Z,43.282,-67.4605,1.0,NaN
118440672,2011-09-24T01:02:00Z,43.2881,-67.4678,1.0,NaN
118440672,2011-09-24T03:01:00Z,43.32,-67.4898,1.0,NaN
118440672,2011-09-24T03:32:00Z,43.3261,-67.491,1.0,NaN
118440672,2011-09-24T04:02:00Z,43.3328,-67.4904,1.0,NaN
118440672,2011-09-24T06:32:00Z,43.3346,-67.4684,1.0,NaN
118440672,2011-09-24T07:02:00Z,43.3309,-67.4612,1.0,NaN
118440672,2011-09-24T08:32:00Z,43.3129,-67.4387,1.0,NaN
118440672,2011-09-24T10:31:00Z,43.2922,-67.4171,1.0,NaN
118440672,2011-09-24T11:02:00Z,43.2898,-67.4164,1.0,NaN
118440672,2011-09-24T11:32:00Z,43.2881,-67.4173,1.0,NaN
118440672,2011-09-24T12:01:00Z,43.2877,-67.4189,1.0,NaN
118440672,2011-09-24T13:31:00Z,43.2938,-67.4319,1.0,NaN
118440672,2011-09-24T14:02:00Z,43.3015,-67.4374,1.0,NaN
118440672,2011-09-24T14:32:00Z,43.3098,-67.442,1.0,NaN
118440672,2011-09-24T16:02:00Z,43.3291,-67.447,1.0,NaN
118440672,2011-09-24T18:32:00Z,43.3346,-67.4249,1.0,NaN
118440672,2011-09-24T19:02:00Z,43.3324,-67.4178,1.0,NaN
118440672,2011-09-24T19:31:00Z,43.328,-67.4101,1.0,NaN
118440672,2011-09-24T20:02:00Z,43.3212,-67.4017,1.0,NaN
118440672,2011-09-24T20:32:00Z,43.3133,-67.3938,1.0,NaN
118440672,2011-09-24T22:02:00Z,43.2906,-67.3805,1.0,NaN
118440672,2011-09-24T22:31:00Z,43.2848,-67.3801,1.0,NaN
118440672,2011-09-25T02:32:00Z,43.2958,-67.4154,1.0,NaN
118440672,2011-09-25T04:31:00Z,43.3275,-67.427,1.0,NaN
118440672,2011-09-25T06:01:00Z,43.3343,-67.4182,1.0,NaN
118440672,2011-09-25T07:02:00Z,43.3348,-67.4058,1.0,NaN
118440672,2011-09-25T07:31:00Z,43.327,-67.3969,1.0,NaN
118440672,2011-09-25T08:32:00Z,43.3089,-67.3829,1.0,NaN
118440672,2011-09-25T10:02:00Z,43.2802,-67.3762,1.0,NaN
118440672,2011-09-25T10:31:00Z,43.2725,-67.3767,1.0,NaN
118440672,2011-09-25T11:02:00Z,43.2658,-67.379,1.0,NaN
118440672,2011-09-25T11:32:00Z,43.2618,-67.3818,1.0,NaN
118440672,2011-09-25T12:01:00Z,43.26,-67.3848,1.0,NaN
118440672,2011-09-25T13:31:00Z,43.2637,-67.3964,1.0,NaN
118440672,2011-09-25T15:32:00Z,43.2986,-67.4204,1.0,NaN
118440672,2011-09-25T16:02:00Z,43.3054,-67.4232,1.0,NaN
118440672,2011-09-25T16:31:00Z,43.311,-67.4256,1.0,NaN
118440672,2011-09-25T17:02:00Z,43.3159,-67.4284,1.0,NaN
118440672,2011-09-25T17:32:00Z,43.3199,-67.4266,1.0,NaN
118440672,2011-09-25T18:01:00Z,43.3213,-67.4224,1.0,NaN
118440672,2011-09-25T19:02:00Z,43.3283,-67.4176,1.0,NaN
118440672,2011-09-25T19:31:00Z,43.3233,-67.4082,1.0,NaN
118440672,2011-09-25T20:02:00Z,43.3172,-67.401,1.0,NaN
118440672,2011-09-25T22:31:00Z,43.2711,-67.3747,1.0,NaN
118440672,2011-09-26T00:01:00Z,43.2571,-67.3816,1.0,NaN
118440672,2011-09-26T01:31:00Z,43.2586,-67.3901,1.0,NaN
118440672,2011-09-26T02:02:00Z,43.2619,-67.3946,1.0,NaN
118440672,2011-09-26T02:32:00Z,43.2676,-67.3988,1.0,NaN
118440672,2011-09-26T04:02:00Z,43.2959,-67.4094,1.0,NaN
118440672,2011-09-26T05:02:00Z,43.31,-67.4091,1.0,NaN
118440672,2011-09-26T05:32:00Z,43.3137,-67.407,1.0,NaN
118440672,2011-09-26T06:01:00Z,43.3168,-67.4046,1.0,NaN
118440672,2011-09-26T07:31:00Z,43.3078,-67.3913,1.0,NaN
118440672,2011-09-26T08:02:00Z,43.3002,-67.3858,1.0,NaN
118440672,2011-09-26T08:32:00Z,43.291,-67.3807,1.0,NaN
118440672,2011-09-26T09:01:00Z,43.281,-67.3763,1.0,NaN
118440672,2011-09-26T09:33:00Z,43.27,-67.374,1.0,NaN
118440672,2011-09-26T10:31:00Z,43.2523,-67.3716,1.0,NaN
118440672,2011-09-26T11:02:00Z,43.2451,-67.3716,1.0,NaN
118440672,2011-09-26T13:02:00Z,43.23,-67.3805,1.0,NaN
118440672,2011-09-26T14:32:00Z,43.2431,-67.3959,1.0,NaN
118440672,2011-09-26T15:32:00Z,43.2675,-67.4067,1.0,NaN
118440672,2011-09-26T16:02:00Z,43.2795,-67.4101,1.0,NaN
118440672,2011-09-26T18:01:00Z,43.3108,-67.406,1.0,NaN
118440672,2011-09-26T19:02:00Z,43.3143,-67.3971,1.0,NaN
118440672,2011-09-26T20:02:00Z,43.3036,-67.3778,1.0,NaN
118440672,2011-09-26T20:32:00Z,43.2945,-67.3664,1.0,NaN
118440672,2011-09-26T21:32:00Z,43.2691,-67.3453,1.0,NaN
118440672,2011-09-26T22:02:00Z,43.2537,-67.3402,1.0,NaN
118440672,2011-09-26T23:02:00Z,43.2236,-67.3376,1.0,NaN
118440672,2011-09-27T01:02:00Z,43.1956,-67.3526,1.0,NaN
118440672,2011-09-27T01:31:00Z,43.2011,-67.3625,1.0,NaN
118440672,2011-09-27T03:01:00Z,43.2324,-67.3902,1.0,NaN
118440672,2011-09-27T03:32:00Z,43.2432,-67.396,1.0,NaN
118440672,2011-09-27T04:31:00Z,43.2668,-67.4056,1.0,NaN
118440672,2011-09-27T06:01:00Z,43.297,-67.4034,1.0,NaN
118440672,2011-09-27T07:02:00Z,43.3014,-67.3929,1.0,NaN
118440672,2011-09-27T08:02:00Z,43.2962,-67.375,1.0,NaN
118440672,2011-09-27T09:32:00Z,43.2585,-67.3387,1.0,NaN
118440672,2011-09-27T10:02:00Z,43.2429,-67.3299,1.0,NaN
118440672,2011-09-27T11:02:00Z,43.2119,-67.3167,1.0,NaN
118440672,2011-09-27T11:32:00Z,43.1966,-67.3142,1.0,NaN
118440672,2011-09-27T12:01:00Z,43.1828,-67.3149,1.0,NaN
118440672,2011-09-27T12:32:00Z,43.1748,-67.3204,1.0,NaN
118440672,2011-09-27T13:31:00Z,43.1793,-67.3383,1.0,NaN
118440672,2011-09-27T15:01:00Z,43.2064,-67.3631,1.0,NaN
118440672,2011-09-27T15:32:00Z,43.2184,-67.3716,1.0,NaN
118440672,2011-09-27T16:31:00Z,43.2427,-67.3834,1.0,NaN
118440672,2011-09-27T18:01:00Z,43.2839,-67.3864,1.0,NaN
118440672,2011-09-27T18:32:00Z,43.2925,-67.3829,1.0,NaN
118440672,2011-09-27T19:02:00Z,43.2982,-67.3778,1.0,NaN
118440672,2011-09-27T19:31:00Z,43.3002,-67.3681,1.0,NaN
118440672,2011-09-27T20:02:00Z,43.299,-67.356,1.0,NaN
118440672,2011-09-27T21:01:00Z,43.2823,-67.3283,1.0,NaN
118440672,2011-09-27T22:02:00Z,43.2546,-67.3057,1.0,NaN
118440672,2011-09-27T22:31:00Z,43.2373,-67.2971,1.0,NaN
118440672,2011-09-28T01:02:00Z,43.17,-67.3025,1.0,NaN
118440672,2011-09-28T02:32:00Z,43.1853,-67.3406,1.0,NaN
118440672,2011-09-28T03:01:00Z,43.1971,-67.355,1.0,NaN
118440672,2011-09-28T04:31:00Z,43.2422,-67.3856,1.0,NaN
118440672,2011-09-28T06:32:00Z,43.3014,-67.3984,1.0,NaN
118440672,2011-09-28T08:32:00Z,43.3595,-67.3839,1.0,NaN
118440672,2011-09-28T11:02:00Z,43.3301,-67.3168,1.0,NaN
118440672,2011-09-28T12:32:00Z,43.3048,-67.2931,1.0,NaN
118440672,2011-09-28T13:31:00Z,43.292,-67.28,1.0,NaN
118440672,2011-09-28T14:02:00Z,43.2872,-67.2752,1.0,NaN
118440672,2011-09-28T15:01:00Z,43.2807,-67.2676,1.0,NaN
118440672,2011-09-28T17:02:00Z,43.2994,-67.2902,1.0,NaN
118440672,2011-09-28T22:31:00Z,43.3772,-67.2235,1.0,NaN
118440672,2011-09-29T00:32:00Z,43.3426,-67.1557,1.0,NaN
118440672,2011-09-29T01:02:00Z,43.3317,-67.1466,1.0,NaN
118440672,2011-09-29T03:01:00Z,43.3129,-67.1335,1.0,NaN
118440672,2011-09-29T06:32:00Z,43.3642,-67.1773,1.0,NaN
118440672,2011-09-29T07:31:00Z,43.3984,-67.1923,1.0,NaN
118440672,2011-09-29T09:32:00Z,43.4535,-67.1917,1.0,NaN
118440672,2011-09-29T12:01:00Z,43.4595,-67.1499,1.0,NaN
118440672,2011-09-29T12:32:00Z,43.4533,-67.1394,1.0,NaN
118440672,2011-09-29T13:31:00Z,43.4362,-67.1254,1.0,NaN
118440672,2011-09-29T18:32:00Z,43.4297,-67.2219,1.0,NaN
118440672,2011-09-29T23:02:00Z,43.4618,-67.3102,1.0,NaN
118440672,2011-09-30T03:32:00Z,43.4109,-67.2699,1.0,NaN
118440672,2011-09-30T05:02:00Z,43.3996,-67.2653,1.0,NaN
118440672,2011-09-30T07:02:00Z,43.3995,-67.2865,1.0,NaN
118440672,2011-09-30T10:31:00Z,43.4071,-67.3176,1.0,NaN
118440672,2011-09-30T10:45:00Z,43.4071,-67.3176,-1.0,NaN
118440672,2011-09-30T12:32:00Z,43.3797,-67.285,-1.0,NaN
118440672,2011-09-30T14:32:00Z,43.3486,-67.252,1.0,NaN
118440672,2011-09-30T14:45:00Z,43.3486,-67.252,-1.0,NaN
118440672,2011-09-30T15:32:00Z,43.3302,-67.2301,-1.0,NaN
118440672,2011-09-30T17:32:00Z,43.3208,-67.22,1.0,NaN
118440672,2011-09-30T17:39:00Z,43.3208,-67.22,-1.0,NaN
118440672,2011-09-30T21:32:00Z,43.3801,-67.2606,-1.0,NaN
118440672,2011-09-30T23:32:00Z,43.3991,-67.2339,-1.0,NaN
118440672,2011-10-01T00:01:00Z,43.3988,-67.2203,-1.0,NaN
118440672,2011-10-01T02:32:00Z,43.3628,-67.1323,1.0,NaN
118440672,2011-10-01T02:39:00Z,43.3628,-67.1323,-1.0,NaN
118440672,2011-10-01T05:32:00Z,43.3392,-67.1194,1.0,NaN
118440672,2011-10-01T05:39:00Z,43.3392,-67.1194,-1.0,NaN
118440672,2011-10-01T06:32:00Z,43.3511,-67.1332,1.0,NaN
118440672,2011-10-01T06:46:00Z,43.3511,-67.1332,-1.0,NaN
118440672,2011-10-01T08:02:00Z,43.3806,-67.1541,-1.0,NaN
118440672,2011-10-01T08:32:00Z,43.3932,-67.1639,-1.0,NaN
118440672,2011-10-01T09:32:00Z,43.4222,-67.1757,-1.0,NaN
118440672,2011-10-01T11:32:00Z,43.4557,-67.1803,1.0,NaN
118440672,2011-10-01T11:39:00Z,43.4557,-67.1803,-1.0,NaN
118440672,2011-10-01T13:02:00Z,43.4591,-67.1648,1.0,NaN
118440672,2011-10-01T13:15:00Z,43.4591,-67.1648,-1.0,NaN
118440672,2011-10-01T15:32:00Z,43.434,-67.1279,-1.0,NaN
118440672,2011-10-01T17:32:00Z,43.4141,-67.1343,-1.0,NaN
118440672,2011-10-01T19:31:00Z,43.4322,-67.1705,-1.0,NaN
118440672,2011-10-01T21:01:00Z,43.4547,-67.1988,-1.0,NaN
118440672,2011-10-01T21:32:00Z,43.4626,-67.2076,1.0,NaN
118440672,2011-10-01T21:39:00Z,43.4626,-67.2076,-1.0,NaN
118440672,2011-10-01T22:31:00Z,43.4728,-67.2172,-1.0,NaN
118440672,2011-10-02T01:02:00Z,43.4648,-67.2103,1.0,NaN
118440672,2011-10-02T01:15:00Z,43.4648,-67.2103,-1.0,NaN
118440672,2011-10-02T01:31:00Z,43.4564,-67.2046,1.0,NaN
118440672,2011-10-02T01:38:00Z,43.4564,-67.2046,-1.0,NaN
118440672,2011-10-02T03:01:00Z,43.4293,-67.1888,-1.0,NaN
118440672,2011-10-02T04:15:00Z,43.4072,-67.1787,-1.0,NaN
118440672,2011-10-02T04:31:00Z,43.3955,-67.1771,-1.0,NaN
118440672,2011-10-02T05:32:00Z,43.3793,-67.1829,-1.0,NaN
118440672,2011-10-02T07:02:00Z,43.3748,-67.2126,-1.0,NaN
118440672,2011-10-02T08:02:00Z,43.3838,-67.2376,-1.0,NaN
118440672,2011-10-02T08:45:00Z,43.3886,-67.2493,-1.0,NaN
118440672,2011-10-02T09:39:00Z,43.4014,-67.2717,-1.0,NaN
118440672,2011-10-02T10:02:00Z,43.4068,-67.2815,-1.0,NaN
118440672,2011-10-02T11:32:00Z,43.4208,-67.2983,-1.0,NaN
118440672,2011-10-02T12:01:00Z,43.4215,-67.2968,-1.0,NaN
118440672,2011-10-02T13:09:00Z,43.4147,-67.2898,-1.0,NaN
118440672,2011-10-02T18:39:00Z,43.3289,-67.255,-1.0,NaN
118440672,2011-10-02T23:32:00Z,43.3868,-67.3909,-1.0,NaN
118440672,2011-10-03T04:17:00Z,43.3645,-67.3266,-1.0,NaN
118440672,2011-10-03T06:08:00Z,43.325,-67.295,-1.0,NaN
118440672,2011-10-03T07:09:00Z,43.3115,-67.2977,-1.0,NaN
118440672,2011-10-03T09:01:00Z,43.3119,-67.3311,-1.0,NaN
118440672,2011-10-03T13:15:00Z,43.3578,-67.3587,-1.0,NaN
118440672,2011-10-03T14:09:00Z,43.3521,-67.3395,-1.0,NaN
118440672,2011-10-03T14:32:00Z,43.3476,-67.3261,-1.0,NaN
118440672,2011-10-03T17:02:00Z,43.3044,-67.266,-1.0,NaN
118440672,2011-10-03T18:32:00Z,43.2826,-67.2488,-1.0,NaN
118440672,2011-10-03T19:31:00Z,43.2735,-67.2485,-1.0,NaN
118440672,2011-10-03T20:32:00Z,43.2708,-67.2563,-1.0,NaN
118440672,2011-10-03T21:46:00Z,43.2777,-67.2676,-1.0,NaN
118440672,2011-10-03T22:02:00Z,43.2823,-67.2731,-1.0,NaN
118440672,2011-10-03T22:31:00Z,43.2899,-67.2796,-1.0,NaN
118440672,2011-10-03T23:16:00Z,43.2992,-67.2825,-1.0,NaN
118440672,2011-10-04T02:32:00Z,43.2862,-67.2374,-1.0,NaN
118440672,2011-10-04T03:01:00Z,43.276,-67.2316,-1.0,NaN
118440672,2011-10-04T03:32:00Z,43.2647,-67.2265,-1.0,NaN
118440672,2011-10-04T04:02:00Z,43.2537,-67.2229,-1.0,NaN
118440672,2011-10-04T05:02:00Z,43.2338,-67.2192,-1.0,NaN
118440672,2011-10-04T07:31:00Z,43.2277,-67.2308,-1.0,NaN
118440672,2011-10-04T09:15:00Z,43.248,-67.2367,-1.0,NaN
118440672,2011-10-04T09:46:00Z,43.2558,-67.2406,-1.0,NaN
118440672,2011-10-04T11:32:00Z,43.2925,-67.2495,-1.0,NaN
118440672,2011-10-04T12:08:00Z,43.3025,-67.249,-1.0,NaN
118440672,2011-10-04T13:02:00Z,43.3163,-67.2382,-1.0,NaN
118440672,2011-10-04T13:31:00Z,43.3176,-67.2298,-1.0,NaN
118440672,2011-10-04T14:03:00Z,43.3151,-67.2216,-1.0,NaN
118440672,2011-10-04T18:01:00Z,43.2671,-67.1899,-1.0,NaN
118440672,2011-10-04T23:39:00Z,43.3476,-67.2144,-1.0,NaN
118440672,2011-10-05T00:01:00Z,43.3601,-67.211,-1.0,NaN
118440672,2011-10-05T01:38:00Z,43.3888,-67.1911,-1.0,NaN
118440672,2011-10-05T02:02:00Z,43.3939,-67.1821,-1.0,NaN
118440672,2011-10-05T03:32:00Z,43.3957,-67.149,-1.0,NaN
118440672,2011-10-05T04:09:00Z,43.3904,-67.139,-1.0,NaN
118440672,2011-10-05T04:38:00Z,43.3834,-67.1297,-1.0,NaN
118440672,2011-10-05T05:02:00Z,43.3748,-67.1225,-1.0,NaN
118440672,2011-10-05T06:10:00Z,43.3571,-67.1135,-1.0,NaN
118440672,2011-10-05T06:32:00Z,43.3492,-67.11,-1.0,NaN
118440672,2011-10-05T11:09:00Z,43.3604,-67.1522,-1.0,NaN
118440672,2011-10-05T11:39:00Z,43.3683,-67.1629,-1.0,NaN
118440672,2011-10-05T13:02:00Z,43.3949,-67.1909,-1.0,NaN
118440672,2011-10-05T16:09:00Z,43.4288,-67.2054,-1.0,NaN
118440672,2011-10-05T16:38:00Z,43.4267,-67.2041,-1.0,NaN
118440672,2011-10-05T17:02:00Z,43.4225,-67.2012,-1.0,NaN
118440672,2011-10-05T23:02:00Z,43.3832,-67.2137,-1.0,NaN
118440672,2011-10-06T01:02:00Z,43.4018,-67.2479,-1.0,NaN
118440672,2011-10-06T02:45:00Z,43.4167,-67.264,-1.0,NaN
118440672,2011-10-06T03:15:00Z,43.4174,-67.2658,-1.0,NaN
118440672,2011-10-06T07:33:00Z,43.3806,-67.2306,-1.0,NaN
118440672,2011-10-06T11:39:00Z,43.3654,-67.2597,-1.0,NaN
118440672,2011-10-06T12:32:00Z,43.3752,-67.2733,-1.0,NaN
118440672,2011-10-06T17:02:00Z,43.4227,-67.2785,-1.0,NaN
118440672,2011-10-06T17:32:00Z,43.4213,-67.2708,-1.0,NaN
118440672,2011-10-06T21:01:00Z,43.3784,-67.2185,-1.0,NaN
118440672,2011-10-07T01:45:00Z,43.3738,-67.2767,-1.0,NaN
118440672,2011-10-07T05:09:00Z,43.4163,-67.3138,-1.0,NaN
118440672,2011-10-07T07:09:00Z,43.4211,-67.2993,-1.0,NaN
118440672,2011-10-07T12:01:00Z,43.3941,-67.2451,-1.0,NaN
118440672,2011-10-07T12:32:00Z,43.3934,-67.251,-1.0,NaN
118440672,2011-10-07T15:46:00Z,43.411,-67.3022,-1.0,NaN
118440672,2011-10-07T16:15:00Z,43.4153,-67.311,-1.0,NaN
118440672,2011-10-07T19:02:00Z,43.4281,-67.3206,-1.0,NaN
118440672,2011-10-07T19:31:00Z,43.4245,-67.3144,-1.0,NaN
118440672,2011-10-07T20:39:00Z,43.4152,-67.3066,-1.0,NaN
118440672,2011-10-07T21:01:00Z,43.4118,-67.3061,-1.0,NaN
118440672,2011-10-07T22:38:00Z,43.409,-67.304,-1.0,NaN
118440672,2011-10-08T02:32:00Z,43.4195,-67.3151,-1.0,NaN
118440672,2011-10-08T05:02:00Z,43.4267,-67.3359,-1.0,NaN
118440672,2011-10-08T06:15:00Z,43.4329,-67.3392,-1.0,NaN
118440672,2011-10-08T06:32:00Z,43.4357,-67.3366,-1.0,NaN
118440672,2011-10-08T07:38:00Z,43.4349,-67.3194,-1.0,NaN
118440672,2011-10-08T08:16:00Z,43.4307,-67.3109,-1.0,NaN
118440672,2011-10-08T10:31:00Z,43.4076,-67.2809,-1.0,NaN
118440672,2011-10-08T11:02:00Z,43.4065,-67.2763,-1.0,NaN
118440672,2011-10-08T16:45:00Z,43.423,-67.3062,-1.0,NaN
118440672,2011-10-08T21:01:00Z,43.4108,-67.2856,-1.0,NaN
118440672,2011-10-08T22:31:00Z,43.3965,-67.2675,-1.0,NaN
118440672,2011-10-09T01:09:00Z,43.3846,-67.2452,-1.0,NaN
118440672,2011-10-09T04:31:00Z,43.3957,-67.2752,-1.0,NaN
118440672,2011-10-09T05:16:00Z,43.3986,-67.2784,-1.0,NaN
118440672,2011-10-09T06:39:00Z,43.4032,-67.2779,-1.0,NaN
118440672,2011-10-09T07:09:00Z,43.4007,-67.2707,-1.0,NaN
118440672,2011-10-09T07:38:00Z,43.3964,-67.2627,-1.0,NaN
118440672,2011-10-09T11:45:00Z,43.3532,-67.1958,-1.0,NaN
118440672,2011-10-09T12:46:00Z,43.3482,-67.1863,-1.0,NaN
118440672,2011-10-09T13:45:00Z,43.3503,-67.1768,-1.0,NaN
118440672,2011-10-10T03:01:00Z,43.3307,-66.9975,-1.0,NaN
118440672,2011-10-10T04:45:00Z,43.3432,-66.9875,-1.0,NaN
118440672,2011-10-10T05:32:00Z,43.3431,-66.9899,-1.0,NaN
118440672,2011-10-10T08:09:00Z,43.3478,-66.9958,-1.0,NaN
118440672,2011-10-10T11:32:00Z,43.3382,-66.9435,-1.0,NaN
118440672,2011-10-10T14:02:00Z,43.3415,-66.8989,-1.0,NaN
118440672,2011-10-10T17:02:00Z,43.3458,-66.8833,-1.0,NaN
118440672,2011-10-10T18:08:00Z,43.3465,-66.8862,-1.0,NaN
118440672,2011-10-10T19:09:00Z,43.3443,-66.8884,-1.0,NaN
118440672,2011-10-10T22:02:00Z,43.3289,-66.8581,-1.0,NaN
118440672,2011-10-11T01:02:00Z,43.3159,-66.8062,-1.0,NaN
118440672,2011-10-11T05:32:00Z,43.3576,-66.8233,-1.0,NaN
118440672,2011-10-11T08:45:00Z,43.346,-66.8304,-1.0,NaN
118440672,2011-10-11T09:32:00Z,43.3357,-66.8245,-1.0,NaN
118440672,2011-10-11T11:32:00Z,43.3055,-66.821,-1.0,NaN
118440672,2011-10-11T12:46:00Z,43.295,-66.8286,-1.0,NaN
118440672,2011-10-11T13:31:00Z,43.2904,-66.8398,-1.0,NaN
118440672,2011-10-11T17:09:00Z,43.3198,-66.8906,-1.0,NaN
118440672,2011-10-11T19:31:00Z,43.3364,-66.9197,-1.0,NaN
118440672,2011-10-11T20:39:00Z,43.3338,-66.9187,-1.0,NaN
118440672,2011-10-11T22:09:00Z,43.3188,-66.9112,-1.0,NaN
118440672,2011-10-11T22:31:00Z,43.3121,-66.9067,-1.0,NaN
118440672,2011-10-11T23:32:00Z,43.3006,-66.8971,-1.0,NaN
118440672,2011-10-12T00:32:00Z,43.2861,-66.8916,-1.0,NaN
118440672,2011-10-12T05:32:00Z,43.2887,-66.9339,-1.0,NaN
118440672,2011-10-12T08:16:00Z,43.3166,-66.9813,-1.0,NaN
118440672,2011-10-12T09:01:00Z,43.3166,-66.994,-1.0,NaN
118440672,2011-10-12T12:01:00Z,43.3282,-67.004,-1.0,NaN
118440672,2011-10-12T12:32:00Z,43.327,-67.001,-1.0,NaN
118440672,2011-10-12T13:02:00Z,43.3272,-66.9999,-1.0,NaN
118440672,2011-10-12T14:45:00Z,43.3332,-67.0067,-1.0,NaN
118440672,2011-10-12T17:32:00Z,43.3717,-67.0454,-1.0,NaN
118440672,2011-10-12T18:32:00Z,43.3875,-67.0659,-1.0,NaN
118440672,2011-10-12T19:02:00Z,43.3955,-67.0766,-1.0,NaN
118440672,2011-10-12T19:31:00Z,43.4032,-67.0875,-1.0,NaN
118440672,2011-10-12T21:08:00Z,43.4235,-67.1154,-1.0,NaN
118440672,2011-10-13T00:03:00Z,43.4426,-67.1442,-1.0,NaN
118440672,2011-10-13T01:09:00Z,43.4498,-67.1396,-1.0,NaN
118440672,2011-10-13T01:38:00Z,43.4529,-67.1394,-1.0,NaN
118440672,2011-10-13T03:01:00Z,43.4664,-67.1409,-1.0,NaN
118440672,2011-10-13T03:32:00Z,43.4726,-67.1433,-1.0,NaN
118440672,2011-10-13T06:39:00Z,43.5133,-67.1986,-1.0,NaN
118440672,2011-10-13T08:09:00Z,43.5331,-67.225,-1.0,NaN
118440672,2011-10-13T09:08:00Z,43.5399,-67.2402,-1.0,NaN
118440672,2011-10-13T09:39:00Z,43.5417,-67.2456,-1.0,NaN
118440672,2011-10-13T12:32:00Z,43.5317,-67.2809,-1.0,NaN
118440672,2011-10-13T14:39:00Z,43.5385,-67.3054,-1.0,NaN
118440672,2011-10-13T18:15:00Z,43.5966,-67.3609,-1.0,NaN
118440672,2011-10-13T22:15:00Z,43.6345,-67.4117,-1.0,NaN
118440672,2011-10-13T23:09:00Z,43.6366,-67.4267,-1.0,NaN
118440672,2011-10-14T00:32:00Z,43.6392,-67.4483,-1.0,NaN
118440672,2011-10-14T02:02:00Z,43.6486,-67.4684,-1.0,NaN
118440672,2011-10-14T03:01:00Z,43.6542,-67.4787,-1.0,NaN
118440672,2011-10-14T04:02:00Z,43.6645,-67.4843,-1.0,NaN
118440672,2011-10-14T04:31:00Z,43.6704,-67.4875,-1.0,NaN
118440672,2011-10-14T06:01:00Z,43.6892,-67.5029,-1.0,NaN
118440672,2011-10-14T06:32:00Z,43.6937,-67.5088,-1.0,NaN
118440672,2011-10-14T10:15:00Z,43.694,-67.5496,-1.0,NaN
118440672,2011-10-14T10:31:00Z,43.6882,-67.5552,-1.0,NaN
118440672,2011-10-14T11:02:00Z,43.6821,-67.5611,-1.0,NaN
118440672,2011-10-14T11:32:00Z,43.6759,-67.567,-1.0,NaN
118440672,2011-10-14T12:08:00Z,43.6692,-67.5721,-1.0,NaN
118440672,2011-10-14T12:32:00Z,43.6633,-67.5772,-1.0,NaN
118440672,2011-10-14T13:02:00Z,43.6574,-67.583,-1.0,NaN
118440672,2011-10-14T13:31:00Z,43.6525,-67.5891,-1.0,NaN
118440672,2011-10-14T14:09:00Z,43.6489,-67.5961,-1.0,NaN
118440672,2011-10-14T14:39:00Z,43.6473,-67.6029,-1.0,NaN
118440672,2011-10-14T15:01:00Z,43.6463,-67.6091,-1.0,NaN
118440672,2011-10-14T16:02:00Z,43.6478,-67.6236,-1.0,NaN
118440672,2011-10-14T16:31:00Z,43.6504,-67.6308,-1.0,NaN
118440672,2011-10-14T17:16:00Z,43.6542,-67.6386,-1.0,NaN
118440672,2011-10-14T17:39:00Z,43.6581,-67.6458,-1.0,NaN
118440672,2011-10-14T18:01:00Z,43.6616,-67.6532,-1.0,NaN
118440672,2011-10-14T18:32:00Z,43.666,-67.6608,-1.0,NaN
118440672,2011-10-14T19:09:00Z,43.6697,-67.6683,-1.0,NaN
118440672,2011-10-14T19:45:00Z,43.6748,-67.6759,-1.0,NaN
118440672,2011-10-14T20:32:00Z,43.6822,-67.6961,-1.0,NaN
118440672,2011-10-14T21:01:00Z,43.6845,-67.705,-1.0,NaN
118440672,2011-10-14T21:32:00Z,43.6875,-67.7162,-1.0,NaN
118440672,2011-10-14T22:02:00Z,43.6906,-67.7275,-1.0,NaN
118440672,2011-10-14T22:38:00Z,43.6923,-67.7386,-1.0,NaN
118440672,2011-10-14T23:16:00Z,43.6928,-67.7492,-1.0,NaN
118440672,2011-10-15T00:08:00Z,43.6938,-67.7698,-1.0,NaN
118440672,2011-10-15T00:32:00Z,43.6941,-67.7778,-1.0,NaN
118440672,2011-10-15T01:02:00Z,43.6948,-67.7856,-1.0,NaN
118440672,2011-10-15T02:09:00Z,43.7005,-67.7988,-1.0,NaN
118440672,2011-10-15T02:39:00Z,43.7052,-67.8043,-1.0,NaN
118440672,2011-10-15T03:01:00Z,43.7102,-67.8095,-1.0,NaN
118440672,2011-10-15T03:39:00Z,43.7161,-67.8126,-1.0,NaN
118440672,2011-10-15T04:02:00Z,43.7231,-67.8148,-1.0,NaN
118440672,2011-10-15T04:31:00Z,43.7317,-67.8173,-1.0,NaN
118440672,2011-10-15T05:02:00Z,43.7408,-67.8189,-1.0,NaN
118440672,2011-10-15T05:32:00Z,43.7493,-67.8205,-1.0,NaN
118440672,2011-10-15T06:01:00Z,43.7594,-67.8223,-1.0,NaN
118440672,2011-10-15T07:02:00Z,43.784,-67.8243,-1.0,NaN
118440672,2011-10-15T07:31:00Z,43.7941,-67.8247,-1.0,NaN
118440672,2011-10-15T08:02:00Z,43.8029,-67.8252,-1.0,NaN
118440672,2011-10-15T08:39:00Z,43.8124,-67.8253,-1.0,NaN
118440672,2011-10-15T09:01:00Z,43.8218,-67.8237,-1.0,NaN
118440672,2011-10-15T09:33:00Z,43.8303,-67.8202,-1.0,NaN
118440672,2011-10-15T10:09:00Z,43.8385,-67.8159,-1.0,NaN
118440672,2011-10-15T10:31:00Z,43.8443,-67.8113,-1.0,NaN
118440672,2011-10-15T11:32:00Z,43.8521,-67.7983,-1.0,NaN
118440672,2011-10-15T12:03:00Z,43.8554,-67.7895,-1.0,NaN
118440672,2011-10-15T12:32:00Z,43.8585,-67.7812,-1.0,NaN
118440672,2011-10-15T13:09:00Z,43.8611,-67.7712,-1.0,NaN
118440672,2011-10-15T14:02:00Z,43.8639,-67.7523,-1.0,NaN
118440672,2011-10-15T14:39:00Z,43.8659,-67.7431,-1.0,NaN
118440672,2011-10-15T15:15:00Z,43.8695,-67.7342,-1.0,NaN
118440672,2011-10-15T15:32:00Z,43.8743,-67.7234,-1.0,NaN
118440672,2011-10-15T16:31:00Z,43.8873,-67.6997,-1.0,NaN
118440672,2011-10-15T17:02:00Z,43.8944,-67.6868,-1.0,NaN
118440672,2011-10-15T17:45:00Z,43.9014,-67.6731,-1.0,NaN
118440672,2011-10-15T18:32:00Z,43.9144,-67.6449,-1.0,NaN
118440672,2011-10-15T19:02:00Z,43.9199,-67.6312,-1.0,NaN
118440672,2011-10-15T19:38:00Z,43.924,-67.6193,-1.0,NaN
118440672,2011-10-15T20:02:00Z,43.9278,-67.6078,-1.0,NaN
118440672,2011-10-15T21:01:00Z,43.93,-67.5916,-1.0,NaN
118440672,2011-10-15T21:32:00Z,43.9305,-67.5878,-1.0,NaN
118440672,2011-10-15T22:15:00Z,43.9303,-67.5872,-1.0,NaN
118440672,2011-10-15T22:31:00Z,43.9295,-67.5887,-1.0,NaN
118440672,2011-10-15T23:16:00Z,43.9284,-67.5925,-1.0,NaN
118440672,2011-10-15T23:32:00Z,43.928,-67.5976,-1.0,NaN
118440672,2011-10-16T01:31:00Z,43.9329,-67.6211,-1.0,NaN
118440672,2011-10-16T02:09:00Z,43.9367,-67.6243,-1.0,NaN
118440672,2011-10-16T02:32:00Z,43.9413,-67.6245,-1.0,NaN
118440672,2011-10-16T03:32:00Z,43.9545,-67.6174,-1.0,NaN
118440672,2011-10-16T04:38:00Z,43.9683,-67.6031,-1.0,NaN
118440672,2011-10-16T06:08:00Z,43.9902,-67.5674,-1.0,NaN
118440672,2011-10-16T07:02:00Z,44.0066,-67.5446,-1.0,NaN
118440672,2011-10-16T07:45:00Z,44.0134,-67.5342,-1.0,NaN
118440672,2011-10-16T08:02:00Z,44.0199,-67.5243,-1.0,NaN
118440672,2011-10-16T08:32:00Z,44.025,-67.5148,-1.0,NaN
118440672,2011-10-16T09:46:00Z,44.0329,-67.5008,-1.0,NaN
118440672,2011-10-16T10:09:00Z,44.0356,-67.4961,-1.0,NaN
118440672,2011-10-16T11:09:00Z,44.0365,-67.4874,-1.0,NaN
118440672,2011-10-16T11:45:00Z,44.0353,-67.4857,-1.0,NaN
118440672,2011-10-16T12:46:00Z,44.0307,-67.4806,-1.0,NaN
118440672,2011-10-16T14:09:00Z,44.027,-67.4792,-1.0,NaN
118440672,2011-10-16T15:01:00Z,44.0272,-67.4734,-1.0,NaN
118440672,2011-10-16T15:39:00Z,44.0279,-67.4679,-1.0,NaN
118440672,2011-10-16T16:09:00Z,44.0288,-67.4617,-1.0,NaN
118440672,2011-10-16T16:31:00Z,44.032,-67.4547,-1.0,NaN
118440672,2011-10-16T17:39:00Z,44.0427,-67.4461,-1.0,NaN
118440672,2011-10-16T19:02:00Z,44.0732,-67.43,-1.0,NaN
118440672,2011-10-16T20:16:00Z,44.0946,-67.4143,-1.0,NaN
118440672,2011-10-16T23:02:00Z,44.1339,-67.3617,-1.0,NaN
118440672,2011-10-16T23:39:00Z,44.1335,-67.3524,-1.0,NaN
118440672,2011-10-17T00:01:00Z,44.1324,-67.3456,-1.0,NaN
118440672,2011-10-17T00:32:00Z,44.1291,-67.34,-1.0,NaN
118440672,2011-10-17T01:02:00Z,44.1252,-67.3356,-1.0,NaN
118440672,2011-10-17T01:31:00Z,44.1203,-67.3311,-1.0,NaN
118440672,2011-10-17T02:09:00Z,44.1158,-67.3274,-1.0,NaN
118440672,2011-10-17T02:32:00Z,44.1117,-67.3246,-1.0,NaN
118440672,2011-10-17T03:08:00Z,44.1081,-67.3231,-1.0,NaN
118440672,2011-10-17T03:39:00Z,44.1061,-67.3216,-1.0,NaN
118440672,2011-10-17T04:15:00Z,44.1059,-67.3185,-1.0,NaN
118440672,2011-10-17T04:31:00Z,44.1067,-67.3146,-1.0,NaN
118440672,2011-10-17T05:02:00Z,44.1091,-67.3107,-1.0,NaN
118440672,2011-10-17T06:15:00Z,44.1194,-67.3025,-1.0,NaN
118440672,2011-10-17T07:02:00Z,44.1353,-67.297,-1.0,NaN
118440672,2011-10-17T08:16:00Z,44.1561,-67.293,-1.0,NaN
118440672,2011-10-17T09:01:00Z,44.1793,-67.2832,-1.0,NaN
118440672,2011-10-17T09:46:00Z,44.1899,-67.2756,-1.0,NaN
118440672,2011-10-17T10:02:00Z,44.1985,-67.2689,-1.0,NaN
118440672,2011-10-17T11:09:00Z,44.2099,-67.26,-1.0,NaN
118440672,2011-10-17T11:32:00Z,44.2148,-67.2562,-1.0,NaN
118440672,2011-10-17T12:01:00Z,44.2188,-67.2516,-1.0,NaN
118440672,2011-10-17T13:02:00Z,44.2219,-67.2556,-1.0,NaN
118440672,2011-10-17T13:38:00Z,44.2237,-67.2596,-1.0,NaN
118440672,2011-10-17T14:02:00Z,44.2257,-67.2638,-1.0,NaN
118440672,2011-10-17T14:32:00Z,44.2269,-67.2665,-1.0,NaN
118440672,2011-10-17T16:15:00Z,44.2365,-67.2568,-1.0,NaN
118440672,2011-10-17T17:02:00Z,44.2419,-67.2367,-1.0,NaN
118440672,2011-10-17T19:02:00Z,44.2474,-67.1916,-1.0,NaN
118440672,2011-10-17T19:31:00Z,44.2486,-67.1803,-1.0,NaN
118440672,2011-10-17T20:02:00Z,44.2517,-67.1711,-1.0,NaN
118440672,2011-10-17T20:39:00Z,44.2555,-67.162,-1.0,NaN
118440672,2011-10-17T21:01:00Z,44.2594,-67.1526,-1.0,NaN
118440672,2011-10-17T22:02:00Z,44.2659,-67.1397,-1.0,NaN
118440672,2011-10-17T22:31:00Z,44.2685,-67.1376,-1.0,NaN
118440672,2011-10-17T23:16:00Z,44.2699,-67.1363,-1.0,NaN
118440672,2011-10-17T23:39:00Z,44.2702,-67.1368,-1.0,NaN
118440672,2011-10-18T00:01:00Z,44.2687,-67.1369,-1.0,NaN
118440672,2011-10-18T01:02:00Z,44.2609,-67.1434,-1.0,NaN
118440672,2011-10-18T01:31:00Z,44.2576,-67.1485,-1.0,NaN
118440672,2011-10-18T02:02:00Z,44.254,-67.1547,-1.0,NaN
118440672,2011-10-18T03:01:00Z,44.2476,-67.166,-1.0,NaN
118440672,2011-10-18T04:02:00Z,44.248,-67.1686,-1.0,NaN
118440672,2011-10-18T05:02:00Z,44.2527,-67.1629,-1.0,NaN
118440672,2011-10-18T05:39:00Z,44.2568,-67.1593,-1.0,NaN
118440672,2011-10-18T06:01:00Z,44.2615,-67.1557,-1.0,NaN
118440672,2011-10-18T06:32:00Z,44.2671,-67.1509,-1.0,NaN
118440672,2011-10-18T07:02:00Z,44.2739,-67.145,-1.0,NaN
118440672,2011-10-18T07:31:00Z,44.2825,-67.1382,-1.0,NaN
118440672,2011-10-18T08:45:00Z,44.3039,-67.124,-1.0,NaN
118440672,2011-10-18T09:01:00Z,44.3143,-67.1159,-1.0,NaN
118440672,2011-10-18T09:32:00Z,44.323,-67.1085,-1.0,NaN
118440672,2011-10-18T10:15:00Z,44.3302,-67.1031,-1.0,NaN
118440672,2011-10-18T10:31:00Z,44.3372,-67.0991,-1.0,NaN
118440672,2011-10-18T11:02:00Z,44.3434,-67.0949,-1.0,NaN
118440672,2011-10-18T11:32:00Z,44.3484,-67.0893,-1.0,NaN
118440672,2011-10-18T12:08:00Z,44.3515,-67.0845,-1.0,NaN
118440672,2011-10-18T12:32:00Z,44.3534,-67.0822,-1.0,NaN
118440672,2011-10-18T13:02:00Z,44.355,-67.0817,-1.0,NaN
118440672,2011-10-18T13:31:00Z,44.3539,-67.0797,-1.0,NaN
118440672,2011-10-18T14:09:00Z,44.3502,-67.0791,-1.0,NaN
118440672,2011-10-18T15:01:00Z,44.3412,-67.0792,-1.0,NaN
118440672,2011-10-18T15:32:00Z,44.3364,-67.0792,-1.0,NaN
118440672,2011-10-18T16:02:00Z,44.333,-67.0792,-1.0,NaN
118440672,2011-10-18T16:31:00Z,44.3303,-67.0775,-1.0,NaN
118440672,2011-10-18T17:09:00Z,44.3288,-67.0748,-1.0,NaN
118440672,2011-10-18T17:32:00Z,44.3296,-67.0709,-1.0,NaN
118440672,2011-10-18T18:08:00Z,44.3303,-67.0644,-1.0,NaN
118440672,2011-10-18T18:39:00Z,44.3314,-67.0569,-1.0,NaN
118440672,2011-10-18T19:09:00Z,44.3357,-67.0488,-1.0,NaN
118440672,2011-10-18T19:31:00Z,44.3407,-67.0385,-1.0,NaN
118440672,2011-10-18T20:02:00Z,44.3474,-67.029,-1.0,NaN
118440672,2011-10-18T20:45:00Z,44.3559,-67.0193,-1.0,NaN
118440672,2011-10-18T21:46:00Z,44.374,-67.0008,-1.0,NaN
118440672,2011-10-18T22:09:00Z,44.3836,-66.9921,-1.0,NaN
118440672,2011-10-18T22:38:00Z,44.3939,-66.9838,-1.0,NaN
118440672,2011-10-18T23:02:00Z,44.4032,-66.9761,-1.0,NaN
118440672,2011-10-18T23:39:00Z,44.4099,-66.9676,-1.0,NaN
118440672,2011-10-19T00:08:00Z,44.4133,-66.9622,-1.0,NaN
118440672,2011-10-19T00:46:00Z,44.4142,-66.9588,-1.0,NaN
118440672,2011-10-19T01:02:00Z,44.4131,-66.9565,-1.0,NaN
118440672,2011-10-19T02:02:00Z,44.4093,-66.9571,-1.0,NaN
118440672,2011-10-19T02:39:00Z,44.4066,-66.9601,-1.0,NaN
118440672,2011-10-19T03:08:00Z,44.4043,-66.9634,-1.0,NaN
118440672,2011-10-19T03:39:00Z,44.4028,-66.9675,-1.0,NaN
118440672,2011-10-19T04:02:00Z,44.402,-66.97,-1.0,NaN
118440672,2011-10-19T04:31:00Z,44.402,-66.9713,-1.0,NaN
118440672,2011-10-19T05:32:00Z,44.402,-66.9667,-1.0,NaN
118440672,2011-10-19T06:15:00Z,44.403,-66.9668,-1.0,NaN
118440672,2011-10-19T06:39:00Z,44.4056,-66.9674,-1.0,NaN
118440672,2011-10-19T07:02:00Z,44.4103,-66.9671,-1.0,NaN
118440672,2011-10-19T07:31:00Z,44.4165,-66.9651,-1.0,NaN
118440672,2011-10-19T08:02:00Z,44.4239,-66.9603,-1.0,NaN
118440672,2011-10-19T08:32:00Z,44.4314,-66.9536,-1.0,NaN
118440672,2011-10-19T09:01:00Z,44.4387,-66.9466,-1.0,NaN
118440672,2011-10-19T09:32:00Z,44.4453,-66.9399,-1.0,NaN
118440672,2011-10-19T10:02:00Z,44.4519,-66.9339,-1.0,NaN
118440672,2011-10-19T10:38:00Z,44.4578,-66.9303,-1.0,NaN
118440672,2011-10-19T11:16:00Z,44.4634,-66.9282,-1.0,NaN
118440672,2011-10-19T11:32:00Z,44.468,-66.9266,-1.0,NaN
118440672,2011-10-19T12:15:00Z,44.4711,-66.9251,-1.0,NaN
118440672,2011-10-19T12:32:00Z,44.4721,-66.9252,-1.0,NaN
118440672,2011-10-19T13:09:00Z,44.4711,-66.9279,-1.0,NaN
118440672,2011-10-19T13:45:00Z,44.4684,-66.933,-1.0,NaN
118440672,2011-10-19T14:16:00Z,44.4651,-66.9404,-1.0,NaN
118440672,2011-10-19T14:32:00Z,44.4605,-66.9502,-1.0,NaN
118440672,2011-10-19T15:32:00Z,44.4494,-66.9733,-1.0,NaN
118440672,2011-10-19T16:02:00Z,44.4448,-66.9828,-1.0,NaN
118440672,2011-10-19T16:45:00Z,44.4407,-66.9963,-1.0,NaN
118440672,2011-10-19T17:02:00Z,44.4393,-67.0092,-1.0,NaN
118440672,2011-10-19T17:32:00Z,44.4401,-67.0207,-1.0,NaN
118440672,2011-10-19T18:01:00Z,44.4428,-67.0312,-1.0,NaN
118440672,2011-10-19T18:32:00Z,44.4468,-67.036,-1.0,NaN
118440672,2011-10-19T19:02:00Z,44.4515,-67.039,-1.0,NaN
118440672,2011-10-19T19:31:00Z,44.4569,-67.0435,-1.0,NaN
118440672,2011-10-19T20:09:00Z,44.4631,-67.0482,-1.0,NaN
118440672,2011-10-19T20:32:00Z,44.4706,-67.052,-1.0,NaN
118440672,2011-10-19T22:09:00Z,44.5035,-67.051,-1.0,NaN
118440672,2011-10-19T22:45:00Z,44.5129,-67.0487,-1.0,NaN
118440672,2011-10-19T23:09:00Z,44.5203,-67.0474,-1.0,NaN
118440672,2011-10-19T23:32:00Z,44.5247,-67.048,-1.0,NaN
118440672,2011-10-20T00:46:00Z,44.5239,-67.059,-1.0,NaN
118440672,2011-10-20T01:09:00Z,44.5205,-67.0696,-1.0,NaN
118440672,2011-10-20T01:31:00Z,44.5129,-67.0807,-1.0,NaN
118440672,2011-10-20T02:02:00Z,44.4999,-67.0947,-1.0,NaN
118440672,2011-10-20T02:32:00Z,44.4927,-67.1059,-1.0,NaN
118440672,2011-10-20T03:01:00Z,44.4896,-67.1118,-1.0,NaN
118440672,2011-10-20T03:32:00Z,44.4798,-67.1203,-1.0,NaN
118440672,2011-10-20T04:31:00Z,44.4603,-67.1474,-1.0,NaN
118440672,2011-10-20T05:32:00Z,44.4487,-67.1846,-1.0,NaN
118440672,2011-10-20T06:39:00Z,44.4406,-67.219,-1.0,NaN
118440672,2011-10-20T07:02:00Z,44.44,-67.2368,-1.0,NaN
118440672,2011-10-20T07:31:00Z,44.4391,-67.2516,-1.0,NaN
118440672,2011-10-20T08:02:00Z,44.4406,-67.2653,-1.0,NaN
118440672,2011-10-20T08:39:00Z,44.4435,-67.2761,-1.0,NaN
118440672,2011-10-20T09:39:00Z,44.4501,-67.2988,-1.0,NaN
118440672,2011-10-20T10:31:00Z,44.4593,-67.32,-1.0,NaN
118440672,2011-10-20T11:32:00Z,44.4657,-67.3417,-1.0,NaN
118440672,2011-10-20T12:15:00Z,44.4664,-67.353,-1.0,NaN
118440672,2011-10-20T12:32:00Z,44.4633,-67.3637,-1.0,NaN
118440672,2011-10-20T13:02:00Z,44.4582,-67.3747,-1.0,NaN
118440672,2011-10-20T13:31:00Z,44.4518,-67.3873,-1.0,NaN
118440672,2011-10-20T14:39:00Z,44.4312,-67.4219,-1.0,NaN
118440672,2011-10-20T16:09:00Z,44.399,-67.4809,-1.0,NaN
118440672,2011-10-20T17:39:00Z,44.3673,-67.5393,-1.0,NaN
118440672,2011-10-20T21:46:00Z,44.3449,-67.6265,-1.0,NaN
118440672,2011-10-21T01:02:00Z,44.3672,-67.6508,-1.0,NaN
118440672,2011-10-21T01:31:00Z,44.3719,-67.6533,-1.0,NaN
118440672,2011-10-21T02:16:00Z,44.3768,-67.6558,-1.0,NaN
118440672,2011-10-21T04:15:00Z,44.3856,-67.677,-1.0,NaN
118440672,2011-10-21T05:16:00Z,44.3879,-67.6916,-1.0,NaN
118440672,2011-10-21T05:45:00Z,44.3895,-67.6984,-1.0,NaN
118440672,2011-10-21T06:01:00Z,44.3924,-67.7043,-1.0,NaN
118440672,2011-10-21T07:31:00Z,44.4064,-67.7066,-1.0,NaN
118440672,2011-10-21T08:02:00Z,44.4116,-67.7045,-1.0,NaN
118440672,2011-10-21T08:32:00Z,44.4172,-67.7009,-1.0,NaN
118440672,2011-10-21T09:01:00Z,44.4239,-67.6953,-1.0,NaN
118440672,2011-10-21T09:46:00Z,44.4335,-67.6874,-1.0,NaN
118440672,2011-10-21T11:09:00Z,44.4512,-67.6624,-1.0,NaN
118440672,2011-10-21T12:08:00Z,44.4627,-67.6495,-1.0,NaN
118440672,2011-10-21T12:39:00Z,44.4679,-67.6454,-1.0,NaN
118440672,2011-10-21T13:02:00Z,44.4728,-67.6415,-1.0,NaN
118440672,2011-10-21T13:45:00Z,44.4771,-67.6383,-1.0,NaN
118440672,2011-10-21T14:16:00Z,44.4806,-67.6338,-1.0,NaN
118440672,2011-10-21T14:32:00Z,44.4837,-67.6307,-1.0,NaN
118440672,2011-10-21T16:02:00Z,44.4916,-67.6234,-1.0,NaN
118440672,2011-10-21T16:31:00Z,44.4942,-67.6199,-1.0,NaN
118440672,2011-10-21T17:32:00Z,44.5006,-67.611,-1.0,NaN
118440672,2011-10-21T19:09:00Z,44.5068,-67.605,-1.0,NaN
118440672,2011-10-21T19:38:00Z,44.5065,-67.6049,-1.0,NaN
118440672,2011-10-21T20:09:00Z,44.5064,-67.6049,-1.0,NaN
118440672,2011-10-21T20:32:00Z,44.5065,-67.6049,-1.0,NaN
118440672,2011-10-21T21:08:00Z,44.5065,-67.6049,-1.0,NaN
